episode,steps,total_reward,avg_reward,epsilon,avg_loss,r_detection,r_false_positive,r_throughput,r_latency,r_stability,action_0_pct,action_1_pct,action_2_pct,action_3_pct,buffer_size,wall_time_s
1,200,65.517361,0.327587,0.9962,0.0,0.5964,-0.0041,0.418,0.4203,-0.147,26.5,22.0,19.0,32.5,200,0.2
2,200,63.094923,0.315475,0.9924,0.0,0.5253,-0.0069,0.476,0.4966,-0.14,30.0,23.0,21.5,25.5,400,0.9
3,200,71.922619,0.359613,0.9886,0.0,0.5803,-0.0039,0.5729,0.5721,-0.147,26.5,25.0,26.5,22.0,600,0.38
4,200,70.928123,0.354641,0.9848,0.0,0.5743,-0.0068,0.5659,0.5692,-0.152,24.0,30.5,23.0,22.5,800,0.64
5,200,69.182029,0.34591,0.981,9.737439,0.578,-0.0052,0.5195,0.5297,-0.149,25.5,27.0,21.0,26.5,1000,3.49
6,200,71.383006,0.356915,0.9772,0.606968,0.5786,-0.005,0.5701,0.5662,-0.154,23.0,28.0,25.5,23.5,1200,34.77
7,200,73.62432,0.368122,0.9734,0.059277,0.5348,-0.0099,0.6884,0.6933,-0.159,20.5,29.5,25.5,24.5,1400,49.99
8,200,71.127275,0.355636,0.9696,0.038653,0.5728,-0.0061,0.5765,0.5728,-0.157,21.5,19.5,27.5,31.5,1600,44.38
9,200,64.340601,0.321703,0.9658,0.029519,0.4768,-0.0088,0.5932,0.5911,-0.149,25.5,24.5,27.5,22.5,1800,59.01
10,200,66.201215,0.331006,0.962,0.026283,0.5222,-0.0062,0.5506,0.5548,-0.144,28.0,21.5,26.0,24.5,2000,50.64
11,200,61.975269,0.309876,0.9582,0.025343,0.4727,-0.0097,0.5395,0.5649,-0.142,29.0,30.5,23.0,17.5,2200,46.51
12,200,64.638676,0.323193,0.9544,0.032061,0.5641,-0.0069,0.456,0.4667,-0.158,21.0,21.0,30.0,28.0,2400,44.94
13,200,67.776053,0.33888,0.9506,0.032021,0.5186,-0.0098,0.5862,0.6136,-0.154,23.0,25.5,21.0,30.5,2600,30.25
14,200,70.389579,0.351948,0.9468,0.022375,0.6045,-0.0061,0.4994,0.5246,-0.157,21.5,28.0,25.0,25.5,2800,33.4
15,200,67.542033,0.33771,0.943,0.025097,0.5816,-0.0056,0.4779,0.5039,-0.156,22.0,22.0,27.5,28.5,3000,46.34
16,200,68.947065,0.344735,0.9392,0.028987,0.5529,-0.0067,0.5549,0.578,-0.158,21.0,27.5,29.0,22.5,3200,35.35
17,200,69.931536,0.349658,0.9354,0.02559,0.5355,-0.0087,0.6083,0.6178,-0.154,23.0,28.5,25.0,23.5,3400,38.53
18,200,65.816181,0.329081,0.9316,0.027152,0.4891,-0.0092,0.607,0.5977,-0.151,24.5,26.0,25.0,24.5,3600,34.7
19,200,64.248327,0.321242,0.9278,0.02674,0.5128,-0.0088,0.5213,0.5531,-0.152,24.0,27.5,23.5,25.0,3800,33.43
20,200,68.252517,0.341263,0.924,0.028454,0.5016,-0.0083,0.6248,0.6336,-0.144,28.0,30.5,20.5,21.0,4000,37.71
21,200,69.761736,0.348809,0.9202,0.024775,0.6047,-0.0057,0.4916,0.4993,-0.153,23.5,29.0,25.0,22.5,4200,42.16
22,200,68.993089,0.344965,0.9164,0.030322,0.556,-0.0063,0.5531,0.5629,-0.151,24.5,21.0,28.0,26.5,4400,39.75
23,200,67.783013,0.338915,0.9126,0.035195,0.5369,-0.007,0.5694,0.5551,-0.15,25.0,26.5,23.5,25.0,4600,37.36
24,200,70.605132,0.353026,0.9088,0.028835,0.5485,-0.0083,0.597,0.6156,-0.154,23.0,27.5,21.5,28.0,4800,35.03
25,200,71.749212,0.358746,0.905,0.028175,0.5796,-0.0076,0.5723,0.5856,-0.156,22.0,29.0,19.5,29.5,5000,41.02
26,200,65.220792,0.326104,0.9012,0.033983,0.5081,-0.0073,0.5569,0.5553,-0.144,28.0,22.5,26.5,23.0,5200,43.73
27,200,68.381085,0.341905,0.8974,0.029828,0.529,-0.0088,0.5965,0.5883,-0.158,21.0,23.0,26.5,29.5,5400,42.17
28,200,68.723685,0.343618,0.8936,0.035712,0.628,-0.0047,0.4214,0.4598,-0.156,22.0,31.0,23.5,23.5,5600,45.03
29,200,66.119054,0.330595,0.8898,0.045254,0.5156,-0.0095,0.5647,0.5712,-0.151,24.5,22.0,21.5,32.0,5800,45.57
30,200,68.369709,0.341849,0.886,0.031868,0.4873,-0.0117,0.6617,0.6651,-0.159,20.5,23.5,26.5,29.5,6000,42.56
31,200,69.816903,0.349085,0.8822,0.024818,0.5582,-0.0081,0.5706,0.5795,-0.157,21.5,25.0,24.5,29.0,6200,37.3
32,200,67.869496,0.339347,0.8784,0.046055,0.6315,-0.0056,0.4128,0.4201,-0.158,21.0,25.0,23.5,30.5,6400,42.17
33,200,65.117406,0.325587,0.8746,0.039191,0.5485,-0.0069,0.4867,0.4993,-0.15,25.0,27.5,24.0,23.5,6600,34.82
34,200,65.278281,0.326391,0.8708,0.04301,0.564,-0.0076,0.468,0.4798,-0.155,22.5,30.0,24.0,23.5,6800,32.32
35,200,61.948819,0.309744,0.867,0.041915,0.6101,-0.0059,0.32,0.3528,-0.161,19.5,23.0,25.0,32.5,7000,33.07
36,200,70.164128,0.350821,0.8632,0.048774,0.6059,-0.0057,0.4995,0.5085,-0.159,20.5,31.0,28.5,20.0,7200,31.05
37,200,67.425702,0.337129,0.8594,0.049436,0.5385,-0.0099,0.573,0.5435,-0.161,19.5,33.0,20.0,27.5,7400,29.97
38,200,72.301996,0.36151,0.8556,0.036036,0.561,-0.0088,0.6192,0.6251,-0.161,19.5,28.0,24.0,28.5,7600,31.79
39,200,72.74165,0.363708,0.8518,0.060886,0.5911,-0.0068,0.5749,0.5822,-0.155,22.5,29.0,22.0,26.5,7800,31.44
40,200,72.411838,0.362059,0.848,0.046194,0.5944,-0.0063,0.5589,0.5744,-0.154,23.0,19.0,26.0,32.0,8000,33.47
41,200,62.627861,0.313139,0.8442,0.062314,0.5941,-0.0059,0.3558,0.387,-0.151,24.5,26.5,20.0,29.0,8200,30.98
42,200,70.722763,0.353614,0.8404,0.047232,0.6001,-0.0071,0.5183,0.5361,-0.16,20.0,36.0,26.0,18.0,8400,33.32
43,200,64.710356,0.323552,0.8366,0.056999,0.5075,-0.0091,0.5518,0.5566,-0.156,22.0,23.0,27.0,28.0,8600,33.19
44,200,66.768761,0.333844,0.8328,0.064381,0.574,-0.0079,0.4861,0.4939,-0.161,19.5,29.0,28.5,23.0,8800,32.36
45,200,70.780513,0.353903,0.829,0.075899,0.5365,-0.0093,0.6276,0.6357,-0.161,19.5,21.5,27.5,31.5,9000,30.95
46,200,71.470433,0.357352,0.8252,0.051165,0.627,-0.007,0.4845,0.5182,-0.162,19.0,32.5,20.0,28.5,9200,29.01
47,200,73.857517,0.369288,0.8214,0.062919,0.5993,-0.007,0.5914,0.5862,-0.16,20.0,28.5,23.5,28.0,9400,30.99
48,200,66.889187,0.334446,0.8176,0.057709,0.5133,-0.0092,0.584,0.5942,-0.156,22.0,29.0,24.0,25.0,9600,29.6
49,200,60.944817,0.304724,0.8138,0.068603,0.4505,-0.0143,0.5777,0.5765,-0.162,19.0,33.5,24.5,23.0,9800,30.8
50,200,67.565188,0.337826,0.81,0.054658,0.5928,-0.007,0.472,0.4744,-0.158,21.0,24.5,23.0,31.5,10000,27.68
51,200,64.431325,0.322157,0.8062,0.058911,0.5135,-0.0107,0.5363,0.5489,-0.159,20.5,28.5,26.0,25.0,10200,28.63
52,200,67.828476,0.339142,0.8024,0.062159,0.4829,-0.0138,0.666,0.6564,-0.161,19.5,26.5,22.0,32.0,10400,28.87
53,200,69.543393,0.347717,0.7986,0.079178,0.5485,-0.0067,0.5742,0.5894,-0.151,24.5,32.5,23.0,20.0,10600,36.89
54,200,72.173938,0.36087,0.7948,0.094967,0.539,-0.0089,0.6477,0.6574,-0.154,23.0,30.0,23.0,24.0,10800,39.76
55,200,67.853953,0.33927,0.791,0.093227,0.5919,-0.0084,0.4786,0.4881,-0.16,20.0,34.0,17.0,29.0,11000,32.77
56,200,69.888199,0.349441,0.7872,0.106319,0.6061,-0.0076,0.5026,0.5,-0.165,17.5,28.0,24.5,30.0,11200,32.87
57,200,66.102376,0.330512,0.7834,0.105386,0.5941,-0.0067,0.4314,0.4546,-0.156,22.0,31.5,19.5,27.0,11400,32.43
58,200,69.132621,0.345663,0.7796,0.068056,0.6285,-0.0062,0.4474,0.4522,-0.165,17.5,29.5,21.5,31.5,11600,32.06
59,200,70.802067,0.35401,0.7758,0.158803,0.6542,-0.0056,0.4309,0.4539,-0.163,18.5,32.0,24.5,25.0,11800,31.4
60,200,67.970973,0.339855,0.772,0.093933,0.5873,-0.0083,0.4893,0.5,-0.164,18.0,27.5,23.5,31.0,12000,28.8
61,200,73.416608,0.367083,0.7682,0.07053,0.5706,-0.0089,0.6247,0.6308,-0.157,21.5,33.0,20.5,25.0,12200,32.07
62,200,70.839171,0.354196,0.7644,0.133131,0.5268,-0.0095,0.6394,0.6495,-0.15,25.0,26.0,17.5,31.5,12400,33.48
63,200,64.103368,0.320517,0.7606,0.089283,0.5032,-0.0074,0.5356,0.5507,-0.143,28.5,25.0,24.0,22.5,12600,35.75
64,200,72.075401,0.360377,0.7568,0.085611,0.6286,-0.0049,0.501,0.5092,-0.159,20.5,24.0,27.5,28.0,12800,32.74
65,200,71.47757,0.357388,0.753,0.1125,0.6294,-0.0043,0.483,0.4996,-0.157,21.5,22.5,23.0,33.0,13000,35.54
66,200,68.746407,0.343732,0.7492,0.081207,0.4533,-0.0137,0.7258,0.7327,-0.163,18.5,28.5,28.0,25.0,13200,39.03
67,200,69.520087,0.3476,0.7454,0.107981,0.5827,-0.0101,0.532,0.5385,-0.166,17.0,30.5,23.5,29.0,13400,40.26
68,200,71.938833,0.359694,0.7416,0.105331,0.6162,-0.0056,0.5202,0.5245,-0.159,20.5,25.5,23.0,31.0,13600,36.95
69,200,68.752644,0.343763,0.7378,0.13346,0.5723,-0.0089,0.5278,0.546,-0.167,16.5,27.0,24.0,32.5,13800,36.36
70,200,62.308554,0.311543,0.734,0.134556,0.5201,-0.0102,0.488,0.4925,-0.164,18.0,32.0,30.0,20.0,14000,34.96
71,200,70.021514,0.350108,0.7302,0.148383,0.5373,-0.0092,0.6045,0.6274,-0.159,20.5,26.0,26.0,27.5,14200,39.25
72,200,69.209519,0.346048,0.7264,0.098908,0.6368,-0.0057,0.4325,0.4446,-0.166,17.0,27.0,23.5,32.5,14400,39.4
73,200,59.658305,0.298292,0.7226,0.140827,0.4616,-0.0114,0.5169,0.5335,-0.144,28.0,30.5,18.5,23.0,14600,38.64
74,200,70.315074,0.351575,0.7188,0.103163,0.5948,-0.0062,0.5269,0.5208,-0.159,20.5,29.5,25.5,24.5,14800,42.46
75,200,69.16059,0.345803,0.715,0.131871,0.6119,-0.0062,0.4675,0.4815,-0.157,21.5,31.5,23.5,23.5,15000,36.13
76,200,69.998286,0.349991,0.7112,0.137154,0.5815,-0.0074,0.5341,0.5493,-0.158,21.0,30.5,20.5,28.0,15200,38.99
77,200,72.580506,0.362903,0.7074,0.157828,0.5532,-0.0074,0.6313,0.6379,-0.15,25.0,30.0,19.0,26.0,15400,39.52
78,200,74.088916,0.370445,0.7036,0.09932,0.6206,-0.0067,0.5661,0.5566,-0.167,16.5,25.5,27.0,31.0,15600,38.79
79,200,69.488421,0.347442,0.6998,0.198892,0.579,-0.0091,0.5323,0.5427,-0.16,20.0,26.0,20.5,33.5,15800,38.94
80,200,68.04064,0.340203,0.696,0.113703,0.5003,-0.0125,0.6319,0.6441,-0.16,20.0,30.0,23.5,26.5,16000,44.52
81,200,67.84704,0.339235,0.6922,0.082548,0.537,-0.0083,0.5642,0.5708,-0.152,24.0,28.0,24.0,24.0,16200,41.45
82,200,78.657522,0.393288,0.6884,0.128741,0.6939,-0.0053,0.53,0.5534,-0.178,11.0,32.5,25.0,31.5,16400,44.39
83,200,67.355526,0.336778,0.6846,0.184745,0.5864,-0.0066,0.4657,0.4963,-0.156,22.0,24.5,21.5,32.0,16600,38.93
84,200,69.668353,0.348342,0.6808,0.167175,0.5521,-0.0077,0.5781,0.5898,-0.163,18.5,25.0,30.5,26.0,16800,41.33
85,200,68.696911,0.343485,0.677,0.098888,0.554,-0.0092,0.561,0.5643,-0.164,18.0,29.0,26.0,27.0,17000,34.15
86,200,65.813325,0.329067,0.6732,0.184139,0.5991,-0.0063,0.4194,0.4408,-0.16,20.0,35.0,26.0,19.0,17200,37.49
87,200,74.160363,0.370802,0.6694,0.163938,0.6155,-0.0066,0.5718,0.567,-0.162,19.0,28.0,23.0,30.0,17400,41.17
88,200,68.822819,0.344114,0.6656,0.166787,0.5277,-0.0096,0.6047,0.6064,-0.159,20.5,26.5,22.0,31.0,17600,40.63
89,200,70.651078,0.353255,0.6618,0.23667,0.5876,-0.0114,0.5477,0.5619,-0.173,13.5,35.5,21.5,29.5,17800,44.5
90,200,71.513765,0.357569,0.658,0.122162,0.5824,-0.0093,0.5762,0.5749,-0.17,15.0,30.5,28.0,26.5,18000,38.9
91,200,74.390393,0.371952,0.6542,0.187277,0.5656,-0.0083,0.66,0.6527,-0.165,17.5,29.5,28.5,24.5,18200,33.84
92,200,71.279729,0.356399,0.6504,0.110735,0.6143,-0.0068,0.5098,0.525,-0.166,17.0,31.5,23.0,28.5,18400,35.78
93,200,77.901066,0.389505,0.6466,0.146118,0.5695,-0.0096,0.7178,0.733,-0.169,15.5,24.5,28.5,31.5,18600,39.88
94,200,68.287857,0.341439,0.6428,0.154549,0.597,-0.0074,0.4677,0.5004,-0.157,21.5,26.5,17.0,35.0,18800,34.69
95,200,69.971615,0.349858,0.639,0.213476,0.6236,-0.0055,0.4663,0.4835,-0.165,17.5,27.5,30.0,25.0,19000,39.86
96,200,64.312921,0.321565,0.6352,0.277817,0.5498,-0.0092,0.4729,0.491,-0.161,19.5,30.0,24.0,26.5,19200,39.45
97,200,76.841861,0.384209,0.6314,0.116393,0.6469,-0.0057,0.5678,0.585,-0.168,16.0,39.5,27.0,17.5,19400,40.23
98,200,68.985006,0.344925,0.6276,0.183567,0.4905,-0.0135,0.6715,0.6748,-0.161,19.5,24.5,20.0,36.0,19600,49.76
99,200,63.749787,0.318749,0.6238,0.230941,0.5876,-0.0069,0.397,0.4209,-0.162,19.0,32.5,29.5,19.0,19800,43.87
100,200,65.17024,0.325851,0.62,0.169952,0.4875,-0.0122,0.6041,0.6019,-0.169,15.5,28.0,32.5,24.0,20000,49.82
101,200,73.939508,0.369698,0.6162,0.129982,0.6598,-0.0064,0.4888,0.5106,-0.17,15.0,32.0,21.5,31.5,20200,55.96
102,200,69.042589,0.345213,0.6124,0.305745,0.593,-0.0076,0.5083,0.5006,-0.164,18.0,24.5,27.0,30.5,20400,56.32
103,200,68.623553,0.343118,0.6086,0.201351,0.505,-0.0126,0.6381,0.6444,-0.159,20.5,22.5,18.0,39.0,20600,64.85
104,200,70.320457,0.351602,0.6048,0.208935,0.6152,-0.0101,0.4963,0.5093,-0.173,13.5,30.5,24.0,32.0,20800,59.95
105,200,68.367573,0.341838,0.601,0.239211,0.6236,-0.0088,0.4375,0.4605,-0.171,14.5,29.0,25.0,31.5,21000,55.78
106,200,72.425603,0.362128,0.5972,0.185463,0.5909,-0.0096,0.5839,0.5789,-0.173,13.5,27.5,27.0,32.0,21200,43.29
107,200,72.236225,0.361181,0.5934,0.191054,0.6548,-0.0084,0.4736,0.4792,-0.176,12.0,37.0,26.5,24.5,21400,55.01
108,200,68.820948,0.344105,0.5896,0.296826,0.5469,-0.0101,0.5753,0.5748,-0.159,20.5,30.5,19.5,29.5,21600,52.52
109,200,72.509467,0.362547,0.5858,0.219129,0.5917,-0.0059,0.5689,0.584,-0.164,18.0,25.0,32.0,25.0,21800,67.74
110,200,65.672624,0.328363,0.582,0.210568,0.5894,-0.0083,0.4354,0.4595,-0.166,17.0,26.0,26.5,30.5,22000,59.87
111,200,66.408896,0.332044,0.5782,0.162255,0.5323,-0.012,0.5556,0.5599,-0.172,14.0,27.0,29.5,29.5,22200,67.03
112,200,78.497474,0.392487,0.5744,0.128353,0.6583,-0.007,0.5927,0.595,-0.175,12.5,30.0,27.5,30.0,22400,42.56
113,200,70.330195,0.351651,0.5706,0.246678,0.579,-0.0096,0.5504,0.5701,-0.171,14.5,37.5,26.5,21.5,22600,39.1
114,200,71.720464,0.358602,0.5668,0.278028,0.588,-0.0084,0.5646,0.5692,-0.161,19.5,26.5,20.5,33.5,22800,42.66
115,200,71.853305,0.359267,0.563,0.253709,0.5487,-0.0089,0.6259,0.6362,-0.155,22.5,30.5,18.0,29.0,23000,41.19
116,200,72.28042,0.361402,0.5592,0.230461,0.6444,-0.0062,0.4893,0.4867,-0.169,15.5,23.0,21.5,40.0,23200,39.77
117,200,75.365192,0.376826,0.5554,0.20195,0.6335,-0.0097,0.5667,0.5836,-0.175,12.5,30.5,21.5,35.5,23400,40.45
118,200,61.370127,0.306851,0.5516,0.256611,0.4957,-0.0114,0.5022,0.522,-0.161,19.5,23.0,30.5,27.0,23600,36.68
119,200,70.820692,0.354103,0.5478,0.209787,0.5962,-0.0114,0.5334,0.5618,-0.177,11.5,27.5,26.0,35.0,23800,40.54
120,200,71.472023,0.35736,0.544,0.320259,0.5669,-0.0133,0.5989,0.618,-0.177,11.5,31.0,19.5,38.0,24000,39.44
121,200,71.989655,0.359948,0.5402,0.305934,0.7058,-0.0072,0.3827,0.3951,-0.175,12.5,38.5,13.5,35.5,24200,39.75
122,200,71.279468,0.356397,0.5364,0.280074,0.5231,-0.0093,0.6508,0.6746,-0.156,22.0,33.0,20.5,24.5,24400,42.57
123,200,66.243374,0.331217,0.5326,0.24701,0.5328,-0.0127,0.5532,0.5521,-0.169,15.5,42.0,16.0,26.5,24600,39.83
124,200,70.55792,0.35279,0.5288,0.33735,0.6287,-0.0077,0.4854,0.4791,-0.175,12.5,34.5,26.0,27.0,24800,38.47
125,200,72.861293,0.364306,0.525,0.243232,0.6183,-0.0072,0.5269,0.5616,-0.164,18.0,30.0,20.0,32.0,25000,34.88
126,200,71.005263,0.355026,0.5212,0.215589,0.5875,-0.0088,0.553,0.5628,-0.17,15.0,29.5,31.0,24.5,25200,40.22
127,200,70.130499,0.350652,0.5174,0.146164,0.6157,-0.0082,0.4874,0.5113,-0.178,11.0,34.0,32.0,23.0,25400,36.19
128,200,70.18169,0.350908,0.5136,0.307967,0.5306,-0.0057,0.6143,0.6254,-0.146,27.0,20.5,31.0,21.5,25600,38.56
129,200,72.421459,0.362107,0.5098,0.25712,0.6617,-0.0063,0.4512,0.4852,-0.172,14.0,26.0,21.0,39.0,25800,37.43
130,200,70.675639,0.353378,0.506,0.185792,0.5825,-0.0085,0.5623,0.5508,-0.169,15.5,29.5,27.5,27.5,26000,37.01
131,200,78.011589,0.390058,0.5022,0.282023,0.6863,-0.0073,0.5357,0.5481,-0.178,11.0,30.5,19.5,39.0,26200,43.01
132,200,66.751866,0.333759,0.4984,0.269619,0.4836,-0.0092,0.6255,0.6368,-0.149,25.5,34.5,21.0,19.0,26400,38.83
133,200,77.816513,0.389083,0.4946,0.198382,0.6754,-0.0055,0.5459,0.5561,-0.172,14.0,36.5,25.5,24.0,26600,38.51
134,200,75.967098,0.379835,0.4908,0.324247,0.6205,-0.0093,0.6009,0.6074,-0.169,15.5,41.5,20.0,23.0,26800,39.44
135,200,63.397455,0.316987,0.487,0.24942,0.4788,-0.0161,0.5865,0.5841,-0.169,15.5,26.5,20.5,37.5,27000,40.25
136,200,72.346075,0.36173,0.4832,0.187185,0.5768,-0.0097,0.5992,0.5995,-0.164,18.0,31.0,21.0,30.0,27200,40.23
137,200,69.951861,0.349759,0.4794,0.263185,0.5706,-0.0087,0.5568,0.5667,-0.165,17.5,25.5,26.0,31.0,27400,43.21
138,200,69.485281,0.347426,0.4756,0.195426,0.6284,-0.0088,0.4596,0.4674,-0.174,13.0,30.0,23.0,34.0,27600,42.83
139,200,73.269435,0.366347,0.4718,0.192432,0.608,-0.0088,0.5665,0.577,-0.173,13.5,26.0,28.0,32.5,27800,39.01
140,200,77.660248,0.388301,0.468,0.205657,0.6045,-0.0098,0.6626,0.6767,-0.181,9.5,23.0,32.0,35.5,28000,40.59
141,200,69.928664,0.349643,0.4642,0.354943,0.6421,-0.0088,0.4485,0.4543,-0.177,11.5,34.0,27.0,27.5,28200,44.25
142,200,72.429518,0.362148,0.4604,0.265406,0.5995,-0.0058,0.5585,0.5602,-0.16,20.0,30.5,24.5,25.0,28400,42.2
143,200,74.821645,0.374108,0.4566,0.308237,0.6495,-0.0076,0.5345,0.5336,-0.173,13.5,31.5,22.5,32.5,28600,43.0
144,200,76.389449,0.381947,0.4528,0.280603,0.6086,-0.0078,0.6282,0.6293,-0.167,16.5,29.5,23.0,31.0,28800,42.57
145,200,75.559872,0.377799,0.449,0.235802,0.6438,-0.0072,0.5531,0.56,-0.169,15.5,29.5,21.5,33.5,29000,40.95
146,200,69.398494,0.346992,0.4452,0.231483,0.5504,-0.0144,0.5821,0.6032,-0.172,14.0,30.5,12.0,43.5,29200,42.45
147,200,73.192633,0.365963,0.4414,0.280041,0.6665,-0.0057,0.4633,0.4848,-0.172,14.0,27.5,30.0,28.5,29400,42.6
148,200,69.290856,0.346454,0.4376,0.134146,0.55,-0.0121,0.58,0.5957,-0.171,14.5,34.5,24.0,27.0,29600,39.25
149,200,75.364265,0.376821,0.4338,0.276509,0.6806,-0.0068,0.4992,0.4978,-0.184,8.0,32.5,27.0,32.5,29800,43.04
150,200,62.680291,0.313401,0.43,0.204656,0.4363,-0.0129,0.6268,0.6408,-0.16,20.0,32.0,28.5,19.5,30000,42.37
151,200,74.033845,0.370169,0.4262,0.176885,0.5457,-0.0088,0.6822,0.6814,-0.164,18.0,28.0,31.5,22.5,30200,68.16
152,200,80.752844,0.403764,0.4224,0.246357,0.7244,-0.0051,0.523,0.5453,-0.177,11.5,39.0,18.5,31.0,30400,58.25
153,200,71.407531,0.357038,0.4186,0.369912,0.6274,-0.0118,0.5032,0.5245,-0.189,5.5,37.5,29.5,27.5,30600,47.57
154,200,74.645457,0.373227,0.4148,0.265614,0.6261,-0.0084,0.5579,0.5808,-0.169,15.5,34.5,19.5,30.5,30800,47.57
155,200,77.108354,0.385542,0.411,0.252207,0.6578,-0.0083,0.5583,0.5777,-0.17,15.0,38.0,17.0,30.0,31000,49.22
156,200,76.227771,0.381139,0.4072,0.428759,0.6255,-0.0084,0.5934,0.6132,-0.173,13.5,34.0,24.0,28.5,31200,50.3
157,200,77.278204,0.386391,0.4034,0.335866,0.67,-0.0086,0.5552,0.5495,-0.177,11.5,36.5,23.0,29.0,31400,46.36
158,200,77.117926,0.38559,0.3996,0.282343,0.6694,-0.0059,0.5403,0.5619,-0.179,10.5,35.0,29.0,25.5,31600,43.29
159,200,73.329264,0.366646,0.3958,0.331213,0.6276,-0.0114,0.5482,0.5475,-0.185,7.5,26.0,28.0,38.5,31800,41.27
160,200,66.059729,0.330299,0.392,0.283495,0.5618,-0.0076,0.4976,0.5005,-0.172,14.0,26.5,37.0,22.5,32000,44.55
161,200,70.120942,0.350605,0.3882,0.301321,0.5971,-0.0093,0.5221,0.5217,-0.164,18.0,37.0,20.5,24.5,32200,41.85
162,200,69.095158,0.345476,0.3844,0.248115,0.5672,-0.0104,0.5444,0.5606,-0.165,17.5,27.0,18.5,37.0,32400,39.14
163,200,67.994918,0.339975,0.3806,0.447433,0.4951,-0.0143,0.6539,0.6443,-0.17,15.0,41.0,23.0,21.0,32600,53.25
164,200,69.12489,0.345624,0.3768,0.428507,0.4977,-0.0104,0.6515,0.6622,-0.148,26.0,36.0,16.5,21.5,32800,58.24
165,200,73.38906,0.366945,0.373,0.501084,0.6761,-0.0068,0.4545,0.4725,-0.172,14.0,37.5,23.5,25.0,33000,47.1
166,200,70.080813,0.350404,0.3692,0.270432,0.5518,-0.0085,0.5863,0.5948,-0.156,22.0,24.0,17.5,36.5,33200,46.64
167,200,69.905232,0.349526,0.3654,0.341531,0.5587,-0.0139,0.5892,0.5844,-0.173,13.5,44.0,14.5,28.0,33400,49.34
168,200,77.6805,0.388403,0.3616,0.306696,0.7058,-0.0063,0.4938,0.5129,-0.177,11.5,38.0,16.5,34.0,33600,47.77
169,200,73.218247,0.366091,0.3578,0.376573,0.7051,-0.0098,0.4089,0.4346,-0.183,8.5,35.5,14.0,42.0,33800,50.96
170,200,64.430991,0.322155,0.354,0.212742,0.5008,-0.0132,0.5598,0.5737,-0.162,19.0,37.5,18.0,25.5,34000,51.49
171,200,69.503284,0.347516,0.3502,0.224106,0.6277,-0.0065,0.4478,0.473,-0.164,18.0,38.0,21.5,22.5,34200,62.52
172,200,71.518246,0.357591,0.3464,0.332191,0.6186,-0.0088,0.5151,0.523,-0.172,14.0,34.5,23.0,28.5,34400,49.9
173,200,69.177751,0.345889,0.3426,0.260067,0.5665,-0.0095,0.5505,0.5569,-0.166,17.0,28.0,23.0,32.0,34600,51.24
174,200,72.546983,0.362735,0.3388,0.307874,0.6036,-0.0095,0.5612,0.5708,-0.176,12.0,29.0,27.5,31.5,34800,49.83
175,200,70.072906,0.350365,0.335,0.403464,0.5679,-0.0122,0.5728,0.5773,-0.174,13.0,27.5,20.0,39.5,35000,58.06
176,200,69.521184,0.347606,0.3312,0.362948,0.5885,-0.0119,0.5327,0.5385,-0.186,7.0,31.5,18.5,43.0,35200,58.62
177,200,74.21303,0.371065,0.3274,0.262523,0.6698,-0.0096,0.4835,0.5181,-0.188,6.0,47.0,21.5,25.5,35400,55.29
178,200,76.397862,0.381989,0.3236,0.384381,0.6787,-0.0064,0.5052,0.5331,-0.17,15.0,35.0,14.5,35.5,35600,69.96
179,200,76.684474,0.383422,0.3198,0.258223,0.6335,-0.0076,0.5938,0.6024,-0.174,13.0,39.5,20.5,27.0,35800,50.52
180,200,69.388738,0.346944,0.316,0.495758,0.6317,-0.0077,0.4477,0.4531,-0.163,18.5,24.0,19.5,38.0,36000,51.16
181,200,71.756379,0.358782,0.3122,0.356035,0.6353,-0.0075,0.4956,0.5011,-0.179,10.5,38.5,32.0,19.0,36200,66.31
182,200,76.325195,0.381626,0.3084,0.358323,0.6563,-0.0084,0.5564,0.5534,-0.176,12.0,30.5,19.0,38.5,36400,70.27
183,200,75.003103,0.375016,0.3046,0.291823,0.6341,-0.0108,0.5737,0.5572,-0.177,11.5,37.0,17.5,34.0,36600,81.26
184,200,68.766316,0.343832,0.3008,0.329775,0.5823,-0.0065,0.5077,0.5121,-0.148,26.0,25.0,12.5,36.5,36800,90.26
185,200,78.680169,0.393401,0.297,0.267106,0.6828,-0.0106,0.5561,0.5812,-0.186,7.0,51.5,18.0,23.5,37000,90.72
186,200,74.112681,0.370563,0.2932,0.446111,0.6799,-0.0123,0.4749,0.4943,-0.19,5.0,25.0,18.5,51.5,37200,78.83
187,200,72.516229,0.362581,0.2894,0.393682,0.631,-0.0074,0.5152,0.5184,-0.171,14.5,27.5,25.0,33.0,37400,39.44
188,200,72.41563,0.362078,0.2856,0.364434,0.5937,-0.0132,0.5811,0.5892,-0.182,9.0,30.5,24.5,36.0,37600,35.78
189,200,74.611373,0.373057,0.2818,0.415932,0.6642,-0.009,0.5038,0.5165,-0.176,12.0,30.0,17.5,40.5,37800,49.43
190,200,77.26962,0.386348,0.278,0.53441,0.6644,-0.0094,0.5594,0.5753,-0.185,7.5,38.0,23.5,31.0,38000,42.89
191,200,67.678877,0.338394,0.2742,0.227794,0.583,-0.0155,0.5038,0.5119,-0.177,11.5,42.0,14.0,32.5,38200,36.37
192,200,65.71703,0.328585,0.2704,0.530931,0.52,-0.0112,0.5617,0.5643,-0.173,13.5,24.0,27.5,35.0,38400,36.79
193,200,77.752273,0.388761,0.2666,0.185381,0.7537,-0.0037,0.4114,0.447,-0.182,9.0,30.5,30.0,30.5,38600,38.35
194,200,72.540385,0.362702,0.2628,0.385334,0.6076,-0.0117,0.5634,0.5606,-0.18,10.0,34.5,23.5,32.0,38800,36.31
195,200,64.632863,0.323164,0.259,0.472483,0.5534,-0.0134,0.4884,0.4888,-0.17,15.0,36.0,16.0,33.0,39000,37.74
196,200,80.368123,0.401841,0.2552,0.437298,0.6923,-0.0101,0.5771,0.5916,-0.183,8.5,36.0,14.0,41.5,39200,38.42
197,200,84.182387,0.420912,0.2514,0.237539,0.6782,-0.0095,0.6795,0.6796,-0.179,10.5,20.5,12.5,56.5,39400,34.79
198,200,72.914556,0.364573,0.2476,0.378093,0.6024,-0.0118,0.5718,0.5861,-0.178,11.0,36.0,15.5,37.5,39600,41.99
199,200,71.98,0.3599,0.2438,0.343465,0.6327,-0.0078,0.4993,0.5198,-0.181,9.5,17.5,35.5,37.5,39800,31.56
200,200,73.94955,0.369748,0.24,0.39317,0.6318,-0.0109,0.5443,0.5619,-0.181,9.5,36.0,21.5,33.0,40000,35.16
201,200,74.176933,0.370885,0.2362,0.373962,0.6565,-0.0114,0.5197,0.526,-0.194,3.0,45.0,32.0,20.0,40200,33.03
202,200,78.135828,0.390679,0.2324,0.448172,0.6641,-0.0109,0.5817,0.5893,-0.184,8.0,30.0,19.0,43.0,40400,35.95
203,200,68.740271,0.343701,0.2286,0.428033,0.468,-0.0142,0.7085,0.7218,-0.184,8.0,19.0,40.5,32.5,40600,34.04
204,200,81.312786,0.406564,0.2248,0.450989,0.7415,-0.0072,0.5168,0.5286,-0.186,7.0,36.0,17.5,39.5,40800,34.93
205,200,70.057287,0.350286,0.221,0.404449,0.5821,-0.0115,0.5524,0.5628,-0.188,6.0,41.0,36.0,17.0,41000,35.8
206,200,77.132806,0.385664,0.2172,0.47394,0.6025,-0.0122,0.6615,0.6678,-0.183,8.5,28.0,24.5,39.0,41200,34.52
207,200,71.812288,0.359061,0.2134,0.323484,0.6455,-0.0108,0.4835,0.4873,-0.177,11.5,32.5,12.5,43.5,41400,31.17
208,200,81.332381,0.406662,0.2096,0.474887,0.7146,-0.0113,0.5662,0.5793,-0.192,4.0,37.0,15.5,43.5,41600,34.41
209,200,74.403668,0.372018,0.2058,0.327654,0.6267,-0.0094,0.5678,0.5774,-0.192,4.0,30.0,36.0,30.0,41800,32.63
210,200,74.233248,0.371166,0.202,0.312463,0.6502,-0.0104,0.5295,0.5356,-0.193,3.5,32.5,37.5,26.5,42000,40.63
211,200,81.388901,0.406945,0.1982,0.400199,0.743,-0.0065,0.5112,0.5327,-0.186,7.0,42.0,23.0,28.0,42200,54.45
212,200,79.536831,0.397684,0.1944,0.324807,0.6243,-0.011,0.6796,0.6756,-0.188,6.0,40.5,21.0,32.5,42400,37.8
213,200,83.080814,0.415404,0.1906,0.506583,0.731,-0.0049,0.5609,0.5892,-0.188,6.0,42.5,33.5,18.0,42600,39.71
214,200,79.014978,0.395075,0.1868,0.421507,0.7893,-0.0069,0.3924,0.4114,-0.189,5.5,29.0,7.5,58.0,42800,47.59
215,200,80.301002,0.401505,0.183,0.47678,0.7268,-0.0074,0.5169,0.5361,-0.185,7.5,49.5,20.0,23.0,43000,37.92
216,200,70.790305,0.353952,0.1792,0.441486,0.6981,-0.0054,0.3638,0.3919,-0.177,11.5,34.0,25.0,29.5,43200,38.32
217,200,67.1806,0.335903,0.1754,0.318014,0.5816,-0.0066,0.4781,0.4908,-0.159,20.5,34.0,26.5,19.0,43400,40.06
218,200,72.39131,0.361957,0.1716,0.307543,0.6728,-0.0109,0.4527,0.4708,-0.194,3.0,31.5,26.5,39.0,43600,38.34
219,200,74.452226,0.372261,0.1678,0.448295,0.6694,-0.0095,0.4967,0.5126,-0.189,5.5,39.5,29.5,25.5,43800,38.47
220,200,75.682161,0.378411,0.164,0.430292,0.6621,-0.0101,0.5453,0.5372,-0.194,3.0,36.0,25.5,35.5,44000,37.57
221,200,74.141696,0.370708,0.1602,0.545323,0.5965,-0.0124,0.6036,0.6208,-0.174,13.0,35.0,17.5,34.5,44200,37.62
222,200,82.04126,0.410206,0.1564,0.440744,0.7123,-0.0062,0.5745,0.5785,-0.172,14.0,39.5,15.0,31.5,44400,37.75
223,200,83.381312,0.416907,0.1526,0.445551,0.7413,-0.0099,0.5627,0.5755,-0.191,4.5,30.0,14.0,51.5,44600,35.42
224,200,80.913986,0.40457,0.1488,0.327614,0.7145,-0.0059,0.5539,0.5619,-0.19,5.0,23.5,34.0,37.5,44800,34.3
225,200,73.127871,0.365639,0.145,0.430551,0.644,-0.0119,0.5182,0.524,-0.191,4.5,57.5,29.0,9.0,45000,37.61
226,200,73.986398,0.369932,0.1412,0.431487,0.6587,-0.0088,0.5027,0.5175,-0.185,7.5,25.5,27.5,39.5,45200,34.43
227,200,66.81919,0.334096,0.1374,0.429693,0.5209,-0.0124,0.5838,0.5757,-0.163,18.5,35.0,16.0,30.5,45400,33.89
228,200,71.618222,0.358091,0.1336,0.389063,0.5561,-0.01,0.6224,0.617,-0.169,15.5,24.5,27.0,33.0,45600,33.74
229,200,77.291969,0.38646,0.1298,0.493546,0.71,-0.0078,0.4936,0.4968,-0.193,3.5,34.0,30.5,32.0,45800,36.95
230,200,77.16673,0.385834,0.126,0.441935,0.7012,-0.0075,0.5098,0.4964,-0.189,5.5,41.5,30.5,22.5,46000,42.3
231,200,62.257131,0.311286,0.1222,0.448122,0.4527,-0.0141,0.601,0.6016,-0.166,17.0,26.5,25.0,31.5,46200,33.29
232,200,75.774176,0.378871,0.1184,0.651609,0.678,-0.0039,0.5004,0.5101,-0.174,13.0,19.0,35.0,33.0,46400,36.55
233,200,65.320625,0.326603,0.1146,0.45098,0.5469,-0.0121,0.5155,0.5052,-0.17,15.0,37.0,19.5,28.5,46600,35.87
234,200,76.936147,0.384681,0.1108,0.461393,0.7382,-0.0052,0.4264,0.4514,-0.184,8.0,28.5,28.5,35.0,46800,40.04
235,200,76.924689,0.384623,0.107,0.43403,0.6423,-0.0076,0.5944,0.5995,-0.195,2.5,18.5,43.5,35.5,47000,41.07
236,200,80.7693,0.403847,0.1032,0.533084,0.8005,-0.0072,0.4134,0.4344,-0.2,0.0,26.5,24.0,49.5,47200,38.74
237,200,62.436391,0.312182,0.0994,0.404675,0.472,-0.0147,0.5888,0.5804,-0.193,3.5,21.0,46.0,29.5,47400,38.8
238,200,79.443464,0.397217,0.0956,0.414876,0.6934,-0.0128,0.5703,0.5702,-0.195,2.5,48.5,15.5,33.5,47600,39.83
239,200,85.234461,0.426172,0.0918,0.481139,0.7379,-0.0066,0.6052,0.608,-0.189,5.5,37.0,23.0,34.5,47800,38.94
240,200,72.236144,0.361181,0.088,0.551225,0.6339,-0.0054,0.4992,0.519,-0.178,11.0,15.0,37.0,37.0,48000,37.17
241,200,77.691237,0.388456,0.0842,0.359389,0.6686,-0.0098,0.5629,0.5874,-0.197,1.5,38.0,33.5,27.0,48200,36.78
242,200,76.248189,0.381241,0.0804,0.612624,0.5827,-0.0128,0.6874,0.6773,-0.195,2.5,57.5,30.5,9.5,48400,37.62
243,200,66.442725,0.332214,0.0766,0.605967,0.5505,-0.0056,0.5124,0.5264,-0.161,19.5,24.5,37.5,18.5,48600,35.56
244,200,80.196616,0.400983,0.0728,0.422413,0.7587,-0.0086,0.4754,0.4783,-0.195,2.5,46.0,17.5,34.0,48800,39.06
245,200,87.542222,0.437711,0.069,0.501954,0.7855,-0.0063,0.5798,0.578,-0.197,1.5,41.0,17.5,40.0,49000,36.4
246,200,76.515583,0.382578,0.0652,0.506094,0.6797,-0.0123,0.5293,0.532,-0.188,6.0,47.5,9.0,37.5,49200,39.33
247,200,73.997092,0.369985,0.0614,0.552821,0.6653,-0.0058,0.4927,0.4921,-0.178,11.0,34.0,31.0,24.0,49400,37.42
248,200,80.259948,0.4013,0.0576,0.558138,0.6619,-0.0111,0.6335,0.6281,-0.185,7.5,39.5,17.0,36.0,49600,36.88
249,200,81.505655,0.407528,0.0538,0.580678,0.7283,-0.0054,0.5352,0.5698,-0.197,1.5,39.5,41.5,17.5,49800,38.55
250,200,78.795935,0.39398,0.05,0.694616,0.7103,-0.0072,0.5104,0.5341,-0.183,8.5,45.5,23.0,23.0,50000,37.76
251,200,71.949468,0.359747,0.05,0.448493,0.6103,-0.0149,0.5515,0.5613,-0.195,2.5,24.5,30.5,42.5,50200,37.14
252,200,80.670997,0.403355,0.05,0.40141,0.7297,-0.0061,0.5199,0.5313,-0.181,9.5,53.5,14.5,22.5,50400,36.8
253,200,77.377295,0.386886,0.05,0.514373,0.7011,-0.0094,0.5039,0.5294,-0.197,1.5,32.5,32.5,33.5,50600,36.63
254,200,84.771791,0.423859,0.05,0.258049,0.7403,-0.0098,0.6025,0.5942,-0.196,2.0,35.0,16.0,47.0,50800,39.91
255,200,73.933755,0.369669,0.05,0.506773,0.6465,-0.0067,0.5086,0.5337,-0.169,15.5,58.5,22.5,3.5,51000,38.22
256,200,79.117958,0.39559,0.05,0.631763,0.708,-0.0055,0.528,0.5416,-0.196,2.0,22.5,41.0,34.5,51200,37.95
257,200,76.772784,0.383864,0.05,0.617104,0.7292,-0.009,0.4509,0.465,-0.197,1.5,28.0,26.0,44.5,51400,37.0
258,200,74.735518,0.373678,0.05,0.354069,0.6375,-0.0116,0.5644,0.551,-0.182,9.0,37.0,19.5,34.5,51600,38.17
259,200,72.839975,0.3642,0.05,0.427763,0.5676,-0.0143,0.644,0.6352,-0.194,3.0,55.5,26.0,15.5,51800,39.11
260,200,73.908061,0.36954,0.05,0.363013,0.6461,-0.0114,0.521,0.5401,-0.182,9.0,31.5,23.0,36.5,52000,36.89
261,200,73.80597,0.36903,0.05,0.71268,0.589,-0.0136,0.6295,0.6182,-0.194,3.0,25.5,33.5,38.0,52200,38.57
262,200,75.861312,0.379307,0.05,0.569774,0.6211,-0.0143,0.6171,0.6159,-0.197,1.5,40.0,31.5,27.0,52400,40.52
263,200,86.486716,0.432434,0.05,0.56935,0.7969,-0.0066,0.5346,0.5453,-0.194,3.0,23.0,15.5,58.5,52600,38.34
264,200,80.181323,0.400907,0.05,0.832642,0.682,-0.0043,0.5787,0.5877,-0.164,18.0,45.0,14.0,23.0,52800,37.71
265,200,71.161398,0.355807,0.05,0.46173,0.6279,-0.0086,0.4912,0.5081,-0.177,11.5,27.0,28.5,33.0,53000,39.5
266,200,79.153076,0.395765,0.05,0.507581,0.6631,-0.01,0.6031,0.6256,-0.2,0.0,26.5,32.5,41.0,53200,38.65
267,200,77.8558,0.389279,0.05,0.748596,0.6311,-0.0183,0.6469,0.642,-0.198,1.0,68.5,4.0,26.5,53400,36.08
268,200,75.962494,0.379812,0.05,0.538808,0.634,-0.0112,0.5857,0.5916,-0.18,10.0,32.5,17.5,40.0,53600,37.91
269,200,77.467267,0.387336,0.05,0.596915,0.6835,-0.0089,0.5469,0.5404,-0.199,0.5,31.5,38.0,30.0,53800,37.53
270,200,73.034021,0.36517,0.05,0.66189,0.6257,-0.0089,0.5363,0.5519,-0.185,7.5,39.0,35.0,18.5,54000,35.74
271,200,73.582778,0.367914,0.05,0.300697,0.6282,-0.0142,0.5528,0.5703,-0.198,1.0,35.5,31.5,32.0,54200,38.1
272,200,69.889789,0.349449,0.05,0.557827,0.6497,-0.0056,0.4297,0.442,-0.177,11.5,41.0,33.5,14.0,54400,35.06
273,200,84.195613,0.420978,0.05,0.468248,0.7688,-0.0075,0.5341,0.5371,-0.185,7.5,43.0,7.0,42.5,54600,36.87
274,200,84.736501,0.423683,0.05,0.342762,0.7542,-0.0059,0.5656,0.5717,-0.185,7.5,30.5,20.0,42.0,54800,38.63
275,200,66.282374,0.331412,0.05,0.610622,0.5468,-0.0094,0.5309,0.5239,-0.17,15.0,35.0,26.0,24.0,55000,38.05
276,200,88.968765,0.444844,0.05,0.462705,0.7766,-0.0078,0.6167,0.6255,-0.189,5.5,39.5,12.0,43.0,55200,38.31
277,200,72.69413,0.363471,0.05,0.823576,0.679,-0.0098,0.4546,0.4525,-0.191,4.5,33.5,27.0,35.0,55400,40.52
278,200,73.392379,0.366962,0.05,0.492524,0.6128,-0.0169,0.5739,0.596,-0.196,2.0,38.0,17.0,43.0,55600,36.31
279,200,77.596647,0.387983,0.05,0.781936,0.7003,-0.0106,0.5065,0.5365,-0.191,4.5,26.0,18.5,51.0,55800,33.84
280,200,77.254752,0.386274,0.05,0.519627,0.634,-0.0148,0.6232,0.626,-0.197,1.5,49.0,15.5,34.0,56000,35.47
281,200,79.510019,0.39755,0.05,0.415183,0.7279,-0.0078,0.4981,0.5223,-0.186,7.0,30.5,20.5,42.0,56200,35.85
282,200,86.987527,0.434938,0.05,0.420037,0.7515,-0.0088,0.6161,0.6262,-0.185,7.5,47.0,3.0,42.5,56400,36.84
283,200,64.05075,0.320254,0.05,0.658171,0.4924,-0.0197,0.5861,0.5959,-0.193,3.5,32.5,29.0,35.0,56600,37.58
284,200,75.49634,0.377482,0.05,0.400523,0.6455,-0.0116,0.5563,0.5724,-0.185,7.5,67.0,18.0,7.5,56800,36.72
285,200,72.445558,0.362228,0.05,0.431392,0.6473,-0.0104,0.4908,0.5169,-0.194,3.0,27.5,34.0,35.5,57000,36.6
286,200,81.584329,0.407922,0.05,0.499519,0.6937,-0.0098,0.5998,0.6171,-0.188,6.0,5.5,18.0,70.5,57200,36.44
287,200,79.5697,0.397849,0.05,0.653541,0.7127,-0.0088,0.5255,0.5604,-0.199,0.5,18.0,35.5,46.0,57400,37.55
288,200,74.286492,0.371432,0.05,0.68937,0.6915,-0.0116,0.4683,0.4711,-0.196,2.0,55.0,24.0,19.0,57600,36.86
289,200,84.627804,0.423139,0.05,0.548153,0.749,-0.0116,0.5818,0.5897,-0.198,1.0,42.5,8.5,48.0,57800,38.38
290,200,76.307203,0.381536,0.05,0.728258,0.7154,-0.0096,0.461,0.485,-0.199,0.5,37.5,31.5,30.5,58000,37.34
291,200,79.369282,0.396846,0.05,0.67785,0.7724,-0.0103,0.4344,0.4461,-0.193,3.5,47.0,6.0,43.5,58200,39.0
292,200,74.236881,0.371184,0.05,0.917863,0.7007,-0.0074,0.4413,0.4438,-0.178,11.0,29.5,23.0,36.5,58400,51.85
293,200,76.581985,0.38291,0.05,0.472615,0.7103,-0.0072,0.4698,0.4901,-0.189,5.5,23.0,28.0,43.5,58600,47.46
294,200,68.865705,0.344329,0.05,0.816419,0.5695,-0.0108,0.5458,0.5556,-0.182,9.0,26.5,35.5,29.0,58800,42.61
295,200,80.095955,0.40048,0.05,0.514094,0.6894,-0.0105,0.5828,0.5982,-0.199,0.5,19.0,38.5,42.0,59000,41.58
296,200,71.563724,0.357819,0.05,0.574643,0.5869,-0.0074,0.5659,0.5702,-0.17,15.0,26.5,41.5,17.0,59200,39.64
297,200,75.417946,0.37709,0.05,0.654719,0.6752,-0.0104,0.5114,0.5179,-0.189,5.5,66.0,24.5,4.0,59400,48.24
298,200,64.830796,0.324154,0.05,0.650533,0.5101,-0.0102,0.5505,0.5547,-0.154,23.0,25.0,22.0,30.0,59600,40.5
299,200,74.050728,0.370254,0.05,0.696446,0.6165,-0.0102,0.5684,0.5855,-0.176,12.0,44.5,17.5,26.0,59800,50.82
300,200,76.408979,0.382045,0.05,0.7793,0.7057,-0.0093,0.4815,0.4958,-0.197,1.5,41.5,24.0,33.0,60000,42.26
301,200,72.867322,0.364337,0.05,0.844034,0.6586,-0.0048,0.4706,0.4741,-0.159,20.5,24.0,19.0,36.5,60200,43.29
302,200,71.424131,0.357121,0.05,0.575191,0.6397,-0.0086,0.479,0.4985,-0.183,8.5,29.0,25.0,37.5,60400,93.63
303,200,72.252125,0.361261,0.05,0.61456,0.6011,-0.0073,0.5548,0.5673,-0.173,13.5,21.0,39.0,26.5,60600,56.24
304,200,69.048579,0.345243,0.05,0.73774,0.6069,-0.0099,0.4985,0.498,-0.196,2.0,24.0,51.5,22.5,60800,47.3
305,200,82.970777,0.414854,0.05,0.498945,0.7065,-0.0127,0.6128,0.6263,-0.191,4.5,21.5,7.5,66.5,61000,59.36
306,200,73.118998,0.365595,0.05,0.500599,0.6221,-0.0074,0.5442,0.54,-0.17,15.0,35.0,32.0,18.0,61200,51.22
