episode,steps,total_reward,avg_reward,actor_loss,critic_loss,entropy,clip_fraction,r_detection,r_false_positive,r_throughput,r_latency,r_stability,action_allow_pct,action_block_pct,action_reroute_pct,action_rate_limit_pct,avg_rate_limit,avg_reroute_weight,avg_priority,total_timesteps,wall_time_s
1,200,70.717792,0.353589,0.0,0.0,0.0,0.0,0.5897,-0.0125,0.5561,0.5591,-0.185,7.5,42.0,19.5,31.0,0.5734,0.6335,0.6085,200,24.67
2,200,66.937273,0.334686,0.0,0.0,0.0,0.0,0.5842,-0.0149,0.4862,0.5081,-0.19,5.0,46.0,16.5,32.5,0.5983,0.747,0.626,400,24.83
3,200,75.18846,0.375942,0.0,0.0,0.0,0.0,0.6429,-0.0109,0.5603,0.5636,-0.189,5.5,49.0,15.5,30.0,0.6333,0.6761,0.6032,600,25.2
4,200,72.239256,0.361196,0.0,0.0,0.0,0.0,0.6033,-0.0114,0.5572,0.5784,-0.187,6.5,42.0,19.0,32.5,0.5567,0.7066,0.5993,800,24.8
5,200,69.104124,0.345521,0.0,0.0,0.0,0.0,0.529,-0.0128,0.6196,0.6299,-0.188,6.0,39.0,26.0,29.0,0.5272,0.7278,0.6419,1000,25.02
6,200,69.840213,0.349201,0.0,0.0,0.0,0.0,0.5723,-0.0128,0.5637,0.5725,-0.183,8.5,42.0,23.0,26.5,0.5382,0.7021,0.6226,1200,25.07
7,200,66.873361,0.334367,0.0,0.0,0.0,0.0,0.5345,-0.0132,0.5633,0.5757,-0.182,9.0,37.5,22.5,31.0,0.5186,0.6798,0.6009,1400,24.62
8,200,66.491584,0.332458,0.0,0.0,0.0,0.0,0.5068,-0.0182,0.6105,0.61,-0.183,8.5,37.0,25.0,29.5,0.5184,0.6864,0.5834,1600,25.01
9,200,70.338714,0.351694,0.0,0.0,0.0,0.0,0.5696,-0.0118,0.5794,0.5839,-0.185,7.5,37.0,21.5,34.0,0.5368,0.6663,0.5942,1800,24.92
10,200,69.101554,0.345508,0.0,0.0,0.0,0.0,0.5924,-0.0124,0.5172,0.5226,-0.182,9.0,37.5,24.0,29.5,0.5327,0.6487,0.5479,2000,25.15
11,200,57.635163,0.288176,1.374538,2.501276,7.456742,0.95542,0.3621,-0.0204,0.6652,0.6567,-0.17,15.0,42.5,26.5,16.0,0.5223,0.617,0.3329,2200,50.98
12,200,74.955273,0.374776,1.374538,2.501276,7.456742,0.95542,0.6491,-0.0094,0.537,0.5554,-0.186,7.0,58.0,17.5,17.5,0.662,0.7033,0.3451,2400,24.25
13,200,67.515843,0.337579,1.374538,2.501276,7.456742,0.95542,0.5127,-0.0164,0.6143,0.6177,-0.173,13.5,61.0,17.0,8.5,0.6516,0.6393,0.2759,2600,25.14
14,200,78.609723,0.393049,1.374538,2.501276,7.456742,0.95542,0.6467,-0.0082,0.6147,0.6193,-0.177,11.5,56.5,17.5,14.5,0.6295,0.6726,0.2956,2800,25.34
15,200,72.131691,0.360658,1.374538,2.501276,7.456742,0.95542,0.6452,-0.0101,0.4916,0.4894,-0.176,12.0,59.0,19.5,9.5,0.6301,0.669,0.2823,3000,24.56
16,200,72.774557,0.363873,1.374538,2.501276,7.456742,0.95542,0.6168,-0.0097,0.54,0.5656,-0.18,10.0,56.0,20.0,14.0,0.6315,0.7421,0.2881,3200,26.14
17,200,73.331191,0.366656,1.374538,2.501276,7.456742,0.95542,0.5881,-0.0118,0.6068,0.6096,-0.176,12.0,57.0,18.0,13.0,0.6312,0.6497,0.2176,3400,25.44
18,200,78.573824,0.392869,1.374538,2.501276,7.456742,0.95542,0.6625,-0.0098,0.5895,0.5988,-0.18,10.0,64.0,13.5,12.5,0.6919,0.6688,0.3133,3600,25.03
19,200,72.406595,0.362033,1.374538,2.501276,7.456742,0.95542,0.6739,-0.0068,0.4401,0.4637,-0.182,9.0,53.5,20.0,17.5,0.6242,0.7148,0.2968,3800,25.54
20,200,64.272921,0.321365,1.374538,2.501276,7.456742,0.95542,0.5378,-0.0141,0.5093,0.5087,-0.175,12.5,52.0,20.5,15.0,0.5975,0.6602,0.221,4000,25.16
21,200,66.7163,0.333582,1.178444,4.798799,8.791834,0.914941,0.5831,-0.0104,0.4751,0.4888,-0.172,14.0,50.5,23.5,12.0,0.5632,0.7062,0.2913,4200,52.38
22,200,70.951431,0.354757,1.178444,4.798799,8.791834,0.914941,0.5863,-0.0075,0.5532,0.5594,-0.168,16.0,42.0,31.5,10.5,0.4712,0.6684,0.2003,4400,26.56
23,200,69.183093,0.345915,1.178444,4.798799,8.791834,0.914941,0.5596,-0.0077,0.5661,0.5567,-0.166,17.0,41.5,29.0,12.5,0.4774,0.6528,0.1521,4600,35.01
24,200,63.107931,0.31554,1.178444,4.798799,8.791834,0.914941,0.5688,-0.0066,0.4171,0.43,-0.159,20.5,45.5,28.0,6.0,0.4848,0.5811,0.1373,4800,35.24
25,200,68.641443,0.343207,1.178444,4.798799,8.791834,0.914941,0.5689,-0.007,0.5303,0.5505,-0.172,14.0,40.0,34.0,12.0,0.4574,0.6551,0.2553,5000,37.64
26,200,65.228596,0.326143,1.178444,4.798799,8.791834,0.914941,0.5154,-0.0072,0.5485,0.5501,-0.155,22.5,39.0,30.5,8.0,0.4333,0.6097,0.2364,5200,34.28
27,200,61.013822,0.305069,1.178444,4.798799,8.791834,0.914941,0.5841,-0.0049,0.3536,0.3652,-0.169,15.5,39.0,38.5,7.0,0.4278,0.6425,0.2065,5400,34.83
28,200,65.303867,0.326519,1.178444,4.798799,8.791834,0.914941,0.5033,-0.0099,0.5714,0.5806,-0.161,19.5,39.0,31.0,10.5,0.4425,0.6207,0.3665,5600,37.33
29,200,69.670927,0.348355,1.178444,4.798799,8.791834,0.914941,0.5744,-0.0063,0.5432,0.5441,-0.157,21.5,41.5,29.0,8.0,0.4508,0.6214,0.2754,5800,35.78
30,200,66.309279,0.331546,1.178444,4.798799,8.791834,0.914941,0.4749,-0.0134,0.6396,0.6538,-0.164,18.0,44.0,30.5,7.5,0.4724,0.5959,0.2705,6000,39.63
31,200,65.349121,0.326746,2.59794,5.662161,9.126402,0.902734,0.566,-0.0053,0.4662,0.4777,-0.16,20.0,38.5,34.0,7.5,0.4226,0.5842,0.2533,6200,103.24
32,200,62.312899,0.311564,2.59794,5.662161,9.126402,0.902734,0.441,-0.0109,0.6118,0.6082,-0.147,26.5,31.0,33.5,9.0,0.3635,0.5772,0.0961,6400,46.04
33,200,65.775836,0.328879,2.59794,5.662161,9.126402,0.902734,0.5492,-0.0071,0.5039,0.5119,-0.158,21.0,39.5,30.5,9.0,0.4382,0.6339,0.2154,6600,48.41
34,200,60.219495,0.301097,2.59794,5.662161,9.126402,0.902734,0.5235,-0.0066,0.4261,0.4424,-0.148,26.0,39.5,28.0,6.5,0.4272,0.535,0.1355,6800,47.03
35,200,67.292855,0.336464,2.59794,5.662161,9.126402,0.902734,0.5207,-0.0076,0.5755,0.5926,-0.155,22.5,36.0,36.0,5.5,0.3966,0.5982,0.1607,7000,46.73
36,200,64.972037,0.32486,2.59794,5.662161,9.126402,0.902734,0.5527,-0.0076,0.4865,0.4849,-0.158,21.0,40.0,29.5,9.5,0.452,0.5606,0.176,7200,53.16
37,200,60.406141,0.302031,2.59794,5.662161,9.126402,0.902734,0.4801,-0.0126,0.5152,0.5119,-0.153,23.5,44.5,28.5,3.5,0.4603,0.5869,0.2068,7400,47.44
38,200,57.000415,0.285002,2.59794,5.662161,9.126402,0.902734,0.3787,-0.0119,0.594,0.6241,-0.15,25.0,34.5,34.0,6.5,0.3719,0.5926,0.112,7600,48.44
39,200,67.186584,0.335933,2.59794,5.662161,9.126402,0.902734,0.5286,-0.0066,0.5626,0.5736,-0.156,22.0,38.0,34.5,5.5,0.4079,0.6077,0.2165,7800,47.43
40,200,62.850538,0.314253,2.59794,5.662161,9.126402,0.902734,0.5577,-0.0075,0.435,0.4328,-0.155,22.5,38.5,32.0,7.0,0.4258,0.6193,0.0748,8000,50.04
41,200,71.642701,0.358214,1.258613,7.693368,10.211457,0.909326,0.5395,-0.0081,0.64,0.6545,-0.17,15.0,44.0,34.0,7.0,0.4653,0.6431,0.2265,8200,111.81
42,200,64.857315,0.324287,1.258613,7.693368,10.211457,0.909326,0.5209,-0.0068,0.526,0.5361,-0.149,25.5,38.0,32.0,4.5,0.4104,0.5297,0.0668,8400,50.08
43,200,64.419091,0.322095,1.258613,7.693368,10.211457,0.909326,0.5152,-0.0075,0.5331,0.536,-0.157,21.5,40.5,33.0,5.0,0.4278,0.5994,0.1187,8600,31.01
44,200,62.77221,0.313861,1.258613,7.693368,10.211457,0.909326,0.4833,-0.0103,0.5475,0.5719,-0.162,19.0,45.5,32.0,3.5,0.4652,0.6337,0.0981,8800,32.85
45,200,66.656813,0.333284,1.258613,7.693368,10.211457,0.909326,0.5633,-0.0078,0.4967,0.5171,-0.163,18.5,47.5,30.0,4.0,0.4975,0.5512,0.0636,9000,30.91
46,200,62.993622,0.314968,1.258613,7.693368,10.211457,0.909326,0.4184,-0.0156,0.6652,0.6711,-0.154,23.0,44.5,29.5,3.0,0.4639,0.5378,0.0719,9200,30.07
47,200,66.309176,0.331546,1.258613,7.693368,10.211457,0.909326,0.5507,-0.0087,0.5109,0.5249,-0.157,21.5,44.5,28.5,5.5,0.47,0.5222,0.1345,9400,26.79
48,200,60.215356,0.301077,1.258613,7.693368,10.211457,0.909326,0.4824,-0.0061,0.4933,0.5062,-0.15,25.0,36.0,32.5,6.5,0.3908,0.5369,0.1069,9600,26.08
49,200,65.047397,0.325237,1.258613,7.693368,10.211457,0.909326,0.5279,-0.0062,0.511,0.5386,-0.149,25.5,44.5,26.0,4.0,0.4622,0.5042,0.173,9800,25.67
50,200,61.960139,0.309801,1.258613,7.693368,10.211457,0.909326,0.4929,-0.0075,0.5138,0.5193,-0.145,27.5,42.0,27.0,3.5,0.4368,0.5614,0.1635,10000,26.81
51,200,61.772283,0.308861,1.258613,7.693368,10.211457,0.909326,0.4783,-0.0092,0.5377,0.5468,-0.155,22.5,42.5,29.5,5.5,0.4557,0.6,0.1384,10200,26.56
52,200,66.002964,0.330015,10.043354,7.481631,10.256061,0.939355,0.5382,-0.0071,0.5273,0.5271,-0.153,23.5,41.5,29.5,5.5,0.4425,0.5805,0.0604,10400,53.02
53,200,58.968831,0.294844,10.043354,7.481631,10.256061,0.939355,0.4382,-0.0121,0.5503,0.5577,-0.157,21.5,34.5,38.5,5.5,0.3708,0.5684,0.1025,10600,25.89
54,200,59.389294,0.296946,10.043354,7.481631,10.256061,0.939355,0.4377,-0.0097,0.5459,0.5707,-0.147,26.5,37.5,29.0,7.0,0.4131,0.481,0.0529,10800,26.87
55,200,62.981524,0.314908,10.043354,7.481631,10.256061,0.939355,0.5088,-0.01,0.5181,0.5185,-0.157,21.5,42.5,31.5,4.5,0.4478,0.5617,0.1317,11000,25.27
56,200,65.742778,0.328714,10.043354,7.481631,10.256061,0.939355,0.4993,-0.0094,0.5816,0.593,-0.152,24.0,45.5,26.5,4.0,0.4783,0.5652,0.1649,11200,26.49
57,200,65.551637,0.327758,10.043354,7.481631,10.256061,0.939355,0.5171,-0.0057,0.5447,0.5523,-0.146,27.0,41.0,28.5,3.5,0.4303,0.5018,0.1445,11400,26.07
58,200,63.415759,0.317079,10.043354,7.481631,10.256061,0.939355,0.4729,-0.0077,0.5606,0.5976,-0.14,30.0,41.5,28.0,0.5,0.4153,0.4852,0.0946,11600,26.55
59,200,59.668267,0.298341,10.043354,7.481631,10.256061,0.939355,0.4922,-0.0078,0.4618,0.4843,-0.143,28.5,37.5,31.0,3.0,0.3941,0.5411,0.0072,11800,25.88
60,200,60.059372,0.300297,10.043354,7.481631,10.256061,0.939355,0.549,-0.0061,0.3899,0.3964,-0.159,20.5,37.0,36.0,6.5,0.4019,0.6329,0.2379,12000,26.06
61,200,68.091067,0.340455,10.043354,7.481631,10.256061,0.939355,0.5019,-0.0073,0.6176,0.6376,-0.149,25.5,42.0,30.0,2.5,0.4273,0.5385,0.0604,12200,28.17
62,200,58.045353,0.290227,12.234298,9.131853,10.256816,0.939453,0.4761,-0.0081,0.4576,0.4807,-0.149,25.5,39.5,31.5,3.5,0.4149,0.58,0.0857,12400,63.18
63,200,66.984871,0.334924,12.234298,9.131853,10.256816,0.939453,0.5716,-0.0052,0.4958,0.4854,-0.153,23.5,48.0,25.0,3.5,0.49,0.5155,0.1402,12600,29.57
64,200,62.102161,0.310511,12.234298,9.131853,10.256816,0.939453,0.4036,-0.0098,0.6621,0.6622,-0.14,30.0,33.0,34.0,3.0,0.3437,0.5113,0.1398,12800,36.04
65,200,62.560669,0.312803,12.234298,9.131853,10.256816,0.939453,0.4907,-0.0121,0.536,0.5445,-0.153,23.5,46.0,27.0,3.5,0.4706,0.567,0.1628,13000,32.03
66,200,62.152328,0.310762,12.234298,9.131853,10.256816,0.939453,0.4505,-0.0127,0.5939,0.6015,-0.155,22.5,45.5,28.0,4.0,0.4702,0.5364,0.191,13200,33.07
67,200,67.818715,0.339094,12.234298,9.131853,10.256816,0.939453,0.5469,-0.0065,0.5496,0.5512,-0.156,22.0,47.0,27.5,3.5,0.4897,0.5529,0.3416,13400,32.8
68,200,61.531876,0.307659,12.234298,9.131853,10.256816,0.939453,0.4894,-0.0106,0.5194,0.5225,-0.156,22.0,43.0,29.5,5.5,0.4638,0.5663,0.1863,13600,36.23
69,200,62.805529,0.314028,12.234298,9.131853,10.256816,0.939453,0.4512,-0.0099,0.5973,0.611,-0.147,26.5,41.5,27.5,4.5,0.4417,0.5083,0.1844,13800,46.11
70,200,70.826105,0.354131,12.234298,9.131853,10.256816,0.939453,0.5807,-0.0038,0.5514,0.5592,-0.158,21.0,43.5,30.0,5.5,0.4657,0.5444,0.0785,14000,33.87
71,200,65.488212,0.327441,12.234298,9.131853,10.256816,0.939453,0.5329,-0.0087,0.5246,0.5348,-0.157,21.5,43.5,32.5,2.5,0.4458,0.5581,0.0898,14200,30.17
72,200,56.254225,0.281271,12.094736,9.916858,10.256816,0.920898,0.4372,-0.0158,0.5004,0.5087,-0.156,22.0,44.5,27.5,6.0,0.477,0.5422,0.1227,14400,59.9
73,200,66.737288,0.333686,12.094736,9.916858,10.256816,0.920898,0.5362,-0.0091,0.5439,0.5537,-0.155,22.5,38.5,32.5,6.5,0.4216,0.5882,0.0708,14600,28.41
74,200,59.112722,0.295564,12.094736,9.916858,10.256816,0.920898,0.4709,-0.0124,0.4953,0.5129,-0.153,23.5,44.0,29.5,3.0,0.4601,0.5977,0.1955,14800,29.52
75,200,64.585642,0.322928,12.094736,9.916858,10.256816,0.920898,0.5264,-0.0066,0.5178,0.5195,-0.156,22.0,36.5,36.5,5.0,0.3911,0.5931,0.0965,15000,28.69
76,200,63.177896,0.315889,12.094736,9.916858,10.256816,0.920898,0.5108,-0.0081,0.5067,0.529,-0.153,23.5,40.5,32.0,4.0,0.4279,0.5561,0.1194,15200,27.81
77,200,63.900486,0.319502,12.094736,9.916858,10.256816,0.920898,0.5457,-0.0039,0.4603,0.4829,-0.151,24.5,38.5,32.0,5.0,0.4193,0.5992,0.1547,15400,29.5
78,200,66.379762,0.331899,12.094736,9.916858,10.256816,0.920898,0.5604,-0.0082,0.4968,0.5067,-0.154,23.0,47.5,25.0,4.5,0.4955,0.5415,0.08,15600,28.92
79,200,64.066198,0.320331,12.094736,9.916858,10.256816,0.920898,0.4433,-0.0064,0.6365,0.6284,-0.137,31.5,35.5,30.0,3.0,0.3731,0.5219,0.0023,15800,28.17
80,200,60.494158,0.302471,12.094736,9.916858,10.256816,0.920898,0.4583,-0.0086,0.5335,0.5546,-0.142,29.0,39.0,28.0,4.0,0.4069,0.5189,0.149,16000,28.32
81,200,58.459641,0.292298,12.094736,9.916858,10.256816,0.920898,0.4871,-0.0085,0.4505,0.4663,-0.146,27.0,42.0,28.5,2.5,0.432,0.5097,0.1112,16200,28.95
82,200,65.791882,0.328959,4.864708,11.370161,10.256816,0.939941,0.5334,-0.0072,0.5215,0.5516,-0.16,20.0,43.5,33.0,3.5,0.4498,0.609,0.1652,16400,60.33
83,200,64.693031,0.323465,4.864708,11.370161,10.256816,0.939941,0.4744,-0.0103,0.6107,0.6048,-0.158,21.0,42.0,31.0,6.0,0.4477,0.6072,0.1069,16600,27.28
84,200,68.972667,0.344863,4.864708,11.370161,10.256816,0.939941,0.5712,-0.0032,0.5269,0.5405,-0.159,20.5,43.0,32.5,4.0,0.4516,0.5906,0.038,16800,28.39
85,200,60.997455,0.304987,4.864708,11.370161,10.256816,0.939941,0.5201,-0.0106,0.4508,0.4775,-0.158,21.0,49.0,26.5,3.5,0.5015,0.5763,0.0272,17000,27.73
86,200,63.176495,0.315882,4.864708,11.370161,10.256816,0.939941,0.5265,-0.0094,0.4904,0.5027,-0.162,19.0,46.5,29.5,5.0,0.4884,0.5694,0.0108,17200,27.78
87,200,59.654859,0.298274,4.864708,11.370161,10.256816,0.939941,0.4479,-0.0109,0.5434,0.5552,-0.152,24.0,41.5,29.5,5.0,0.4394,0.5308,0.1549,17400,28.15
88,200,67.333455,0.336667,4.864708,11.370161,10.256816,0.939941,0.5202,-0.0072,0.5883,0.5734,-0.152,24.0,41.5,31.0,3.5,0.4289,0.5295,0.1895,17600,27.88
89,200,61.476362,0.307382,4.864708,11.370161,10.256816,0.939941,0.4928,-0.0098,0.5083,0.5236,-0.159,20.5,42.0,34.5,3.0,0.4337,0.6001,0.1695,17800,27.78
90,200,62.731992,0.31366,4.864708,11.370161,10.256816,0.939941,0.5129,-0.0068,0.4949,0.5088,-0.149,25.5,42.0,28.0,4.5,0.4493,0.5461,0.0832,18000,28.67
91,200,62.132312,0.310662,4.864708,11.370161,10.256816,0.939941,0.4996,-0.0126,0.5202,0.5154,-0.156,22.0,49.5,23.5,5.0,0.5173,0.5095,0.1044,18200,28.61
92,200,58.492126,0.292461,4.864708,11.370161,10.256816,0.939941,0.4605,-0.0125,0.5048,0.5096,-0.153,23.5,42.0,29.5,5.0,0.4415,0.5928,0.1464,18400,27.89
93,200,62.372773,0.311864,5.251212,14.116482,10.256816,0.929688,0.5085,-0.0084,0.491,0.5202,-0.151,24.5,48.0,25.0,2.5,0.4934,0.5251,-0.0643,18600,58.85
94,200,54.523334,0.272617,5.251212,14.116482,10.256816,0.929688,0.4387,-0.014,0.4562,0.4738,-0.152,24.0,42.5,30.0,3.5,0.4427,0.5078,0.2383,18800,28.79
95,200,60.014469,0.300072,5.251212,14.116482,10.256816,0.929688,0.4972,-0.0082,0.471,0.4739,-0.148,26.0,36.0,32.5,5.5,0.3866,0.5205,0.1492,19000,28.38
96,200,63.29634,0.316482,5.251212,14.116482,10.256816,0.929688,0.4928,-0.0086,0.5377,0.5633,-0.155,22.5,37.0,37.0,3.5,0.3896,0.6004,0.072,19200,26.99
97,200,63.962022,0.31981,5.251212,14.116482,10.256816,0.929688,0.5382,-0.0061,0.4768,0.4911,-0.146,27.0,44.0,25.5,3.5,0.4549,0.5424,0.1386,19400,28.69
98,200,63.639667,0.318198,5.251212,14.116482,10.256816,0.929688,0.4769,-0.0106,0.5783,0.5884,-0.155,22.5,44.5,29.0,4.0,0.4684,0.508,0.0725,19600,28.36
99,200,66.815293,0.334076,5.251212,14.116482,10.256816,0.929688,0.5232,-0.0072,0.5603,0.5766,-0.151,24.5,44.0,28.0,3.5,0.4599,0.5276,0.2158,19800,28.08
100,200,61.822983,0.309115,5.251212,14.116482,10.256816,0.929688,0.4412,-0.0133,0.6005,0.6127,-0.154,23.0,43.0,28.0,6.0,0.458,0.5587,0.2668,20000,27.55
101,200,70.178499,0.350892,5.251212,14.116482,10.256816,0.929688,0.5371,-0.0068,0.6076,0.623,-0.157,21.5,40.5,33.0,5.0,0.4283,0.6239,0.1515,20200,28.23
102,200,56.980063,0.2849,5.251212,14.116482,10.256816,0.929688,0.4721,-0.0084,0.4464,0.4621,-0.15,25.0,46.0,26.5,2.5,0.4684,0.5435,0.0854,20400,27.55
103,200,63.303597,0.316518,11.155197,11.510382,10.256816,0.942871,0.4994,-0.0097,0.5314,0.5437,-0.149,25.5,46.5,25.5,2.5,0.4755,0.4937,0.084,20600,60.67
104,200,62.724155,0.313621,11.155197,11.510382,10.256816,0.942871,0.5166,-0.0108,0.5069,0.4994,-0.163,18.5,48.0,25.5,8.0,0.5234,0.5618,0.0716,20800,27.75
105,200,66.265676,0.331328,11.155197,11.510382,10.256816,0.942871,0.5738,-0.0062,0.4795,0.4702,-0.156,22.0,47.0,28.5,2.5,0.4793,0.5628,0.0121,21000,28.71
106,200,71.043703,0.355219,11.155197,11.510382,10.256816,0.942871,0.5316,-0.0087,0.6441,0.6414,-0.16,20.0,42.0,31.0,7.0,0.4512,0.596,0.033,21200,27.29
107,200,66.096799,0.330484,11.155197,11.510382,10.256816,0.942871,0.4984,-0.0094,0.5875,0.6073,-0.154,23.0,44.5,27.5,5.0,0.4679,0.5971,0.1304,21400,28.03
108,200,63.525046,0.317625,11.155197,11.510382,10.256816,0.942871,0.4806,-0.0136,0.5733,0.5898,-0.162,19.0,48.0,29.0,4.0,0.4974,0.5456,0.1701,21600,28.34
109,200,59.730855,0.298654,11.155197,11.510382,10.256816,0.942871,0.4755,-0.0086,0.4995,0.5089,-0.152,24.0,40.0,30.0,6.0,0.4312,0.5638,0.1843,21800,27.4
110,200,66.922916,0.334615,11.155197,11.510382,10.256816,0.942871,0.4814,-0.0132,0.6367,0.6544,-0.156,22.0,47.0,26.5,4.5,0.4898,0.5622,0.0573,22000,28.21
111,200,65.28706,0.326435,11.155197,11.510382,10.256816,0.942871,0.5252,-0.008,0.5338,0.5439,-0.161,19.5,43.0,32.5,5.0,0.4541,0.5558,0.1532,22200,28.42
112,200,66.016268,0.330081,11.155197,11.510382,10.256816,0.942871,0.5268,-0.0073,0.541,0.5586,-0.158,21.0,43.5,31.5,4.0,0.4542,0.5889,0.1891,22400,27.69
113,200,60.372244,0.301861,4.61786,14.677975,10.256816,0.937012,0.4679,-0.0108,0.5306,0.5341,-0.156,22.0,43.5,31.0,3.5,0.4537,0.5639,0.0962,22600,60.5
114,200,62.369752,0.311849,4.61786,14.677975,10.256816,0.937012,0.5167,-0.0086,0.4854,0.4963,-0.151,24.5,44.0,27.5,4.0,0.46,0.5411,0.0328,22800,27.99
115,200,59.119462,0.295597,4.61786,14.677975,10.256816,0.937012,0.4932,-0.0093,0.4631,0.4619,-0.15,25.0,42.0,28.5,4.5,0.448,0.5555,0.1451,23000,28.14
116,200,66.093621,0.330468,4.61786,14.677975,10.256816,0.937012,0.4955,-0.0087,0.5941,0.6003,-0.147,26.5,43.0,28.0,2.5,0.4403,0.5558,0.1862,23200,27.37
117,200,66.326425,0.331632,4.61786,14.677975,10.256816,0.937012,0.4734,-0.0074,0.6384,0.6325,-0.149,25.5,39.5,30.5,4.5,0.4176,0.5435,0.1007,23400,27.38
118,200,66.468109,0.332341,4.61786,14.677975,10.256816,0.937012,0.5362,-0.0056,0.5353,0.5436,-0.154,23.0,45.5,27.5,4.0,0.468,0.5112,0.177,23600,29.23
119,200,64.384316,0.321922,4.61786,14.677975,10.256816,0.937012,0.5069,-0.0069,0.5384,0.5575,-0.156,22.0,37.5,34.0,6.5,0.4043,0.5841,0.1028,23800,28.14
120,200,56.728416,0.283642,4.61786,14.677975,10.256816,0.937012,0.4649,-0.0076,0.4484,0.4641,-0.141,29.5,38.5,26.5,5.5,0.4109,0.4363,0.0739,24000,28.21
121,200,60.197805,0.300989,4.61786,14.677975,10.256816,0.937012,0.5445,-0.0056,0.3956,0.4146,-0.162,19.0,41.0,34.0,6.0,0.4417,0.625,0.1439,24200,29.33
122,200,68.836665,0.344183,4.61786,14.677975,10.256816,0.937012,0.5216,-0.0095,0.6105,0.6264,-0.163,18.5,46.5,30.0,5.0,0.4867,0.6035,0.0921,24400,26.93
123,200,63.046903,0.315235,3.701542,14.244948,10.256816,0.925293,0.5111,-0.0086,0.5037,0.5216,-0.148,26.0,45.5,27.0,1.5,0.4603,0.5321,0.0093,24600,56.96
124,200,70.887885,0.354439,3.701542,14.244948,10.256816,0.925293,0.5277,-0.0093,0.6435,0.6434,-0.152,24.0,40.5,31.5,4.0,0.4278,0.5227,0.1264,24800,24.59
125,200,66.524773,0.332624,3.701542,14.244948,10.256816,0.925293,0.4635,-0.0105,0.653,0.669,-0.15,25.0,38.5,30.0,6.5,0.4191,0.5658,0.0145,25000,26.39
126,200,59.512262,0.297561,3.701542,14.244948,10.256816,0.925293,0.4087,-0.0114,0.6017,0.6166,-0.15,25.0,36.5,34.0,4.5,0.3911,0.5241,0.0568,25200,25.96
127,200,67.858463,0.339292,3.701542,14.244948,10.256816,0.925293,0.5609,-0.0056,0.5196,0.536,-0.152,24.0,48.0,25.5,2.5,0.4923,0.5751,0.2201,25400,25.29
128,200,65.347748,0.326739,3.701542,14.244948,10.256816,0.925293,0.4673,-0.0117,0.6272,0.6353,-0.149,25.5,43.5,24.5,6.5,0.4691,0.5043,0.1244,25600,26.54
129,200,60.267259,0.301336,3.701542,14.244948,10.256816,0.925293,0.3982,-0.0097,0.6305,0.6409,-0.142,29.0,37.0,30.5,3.5,0.3894,0.5466,-0.0186,25800,25.79
130,200,60.134436,0.300672,3.701542,14.244948,10.256816,0.925293,0.5476,-0.0068,0.3912,0.3976,-0.151,24.5,46.5,24.0,5.0,0.4903,0.546,0.0896,26000,26.09
131,200,60.765111,0.303826,3.701542,14.244948,10.256816,0.925293,0.4989,-0.0077,0.4772,0.498,-0.152,24.0,41.0,29.5,5.5,0.4377,0.5198,0.148,26200,25.59
132,200,67.564483,0.337822,3.701542,14.244948,10.256816,0.925293,0.5576,-0.0063,0.5197,0.5463,-0.162,19.0,40.5,38.0,2.5,0.4204,0.5805,0.1905,26400,26.62
133,200,65.314289,0.326571,3.701542,14.244948,10.256816,0.925293,0.5706,-0.0083,0.4573,0.4839,-0.166,17.0,48.0,31.5,3.5,0.4945,0.5981,0.0023,26600,25.92
134,200,64.959714,0.324799,90.824428,13.703867,10.256816,0.930664,0.5016,-0.0082,0.5653,0.5691,-0.155,22.5,39.5,32.0,6.0,0.4195,0.5995,0.0975,26800,52.09
135,200,66.294814,0.331474,90.824428,13.703867,10.256816,0.930664,0.5567,-0.0049,0.4883,0.5178,-0.15,25.0,41.0,30.0,4.0,0.4378,0.5304,0.1274,27000,26.8
136,200,66.719333,0.333597,90.824428,13.703867,10.256816,0.930664,0.5295,-0.0092,0.5623,0.5586,-0.161,19.5,49.0,26.0,5.5,0.5201,0.6052,0.028,27200,26.0
137,200,66.904576,0.334523,90.824428,13.703867,10.256816,0.930664,0.536,-0.0049,0.5407,0.5473,-0.145,27.5,40.5,25.5,6.5,0.4375,0.5181,0.2103,27400,25.75
138,200,67.950308,0.339752,90.824428,13.703867,10.256816,0.930664,0.4866,-0.0109,0.6451,0.6638,-0.153,23.5,40.5,30.0,6.0,0.4311,0.5242,0.0985,27600,26.32
139,200,64.40447,0.322022,90.824428,13.703867,10.256816,0.930664,0.4951,-0.0134,0.5662,0.5762,-0.152,24.0,46.5,26.0,3.5,0.4815,0.5607,0.093,27800,25.76
140,200,64.846662,0.324233,90.824428,13.703867,10.256816,0.930664,0.5185,-0.0075,0.5306,0.546,-0.155,22.5,44.0,30.5,3.0,0.4584,0.5563,0.0177,28000,26.04
141,200,60.507568,0.302538,90.824428,13.703867,10.256816,0.930664,0.4868,-0.0122,0.4938,0.5178,-0.15,25.0,42.5,27.0,5.5,0.4511,0.5395,0.1821,28200,26.07
142,200,63.889743,0.319449,90.824428,13.703867,10.256816,0.930664,0.5185,-0.0088,0.5184,0.5211,-0.156,22.0,44.0,28.5,5.5,0.4619,0.5817,0.0833,28400,26.47
143,200,61.604153,0.308021,90.824428,13.703867,10.256816,0.930664,0.4865,-0.0098,0.5181,0.5343,-0.153,23.5,40.0,31.5,5.0,0.4218,0.5834,0.1813,28600,26.45
144,200,67.961827,0.339809,4.866419,12.993809,10.256816,0.928223,0.5039,-0.0068,0.6215,0.6145,-0.147,26.5,43.0,27.5,3.0,0.4417,0.5181,0.1097,28800,52.34
145,200,65.614724,0.328074,4.866419,12.993809,10.256816,0.928223,0.5361,-0.0069,0.5258,0.5268,-0.162,19.0,42.5,34.5,4.0,0.4457,0.6125,0.1261,29000,27.0
146,200,67.266062,0.33633,4.866419,12.993809,10.256816,0.928223,0.5112,-0.0133,0.5968,0.6124,-0.156,22.0,43.5,29.0,5.5,0.4661,0.5485,0.1014,29200,26.21
147,200,61.333074,0.306665,4.866419,12.993809,10.256816,0.928223,0.5435,-0.0073,0.4143,0.4452,-0.156,22.0,47.5,28.5,2.0,0.4794,0.5209,0.1099,29400,25.67
148,200,61.438971,0.307195,4.866419,12.993809,10.256816,0.928223,0.4865,-0.0078,0.5182,0.5183,-0.15,25.0,39.0,29.0,7.0,0.4237,0.518,0.1025,29600,26.16
149,200,65.615884,0.328079,4.866419,12.993809,10.256816,0.928223,0.4289,-0.0116,0.692,0.7033,-0.147,26.5,36.5,31.5,5.5,0.394,0.5434,0.1341,29800,26.17
150,200,55.076848,0.275384,4.866419,12.993809,10.256816,0.928223,0.4635,-0.0101,0.4264,0.4337,-0.148,26.0,38.5,32.0,3.5,0.4047,0.556,0.0773,30000,26.3
151,200,63.75308,0.318765,4.866419,12.993809,10.256816,0.928223,0.5662,-0.0078,0.435,0.4529,-0.163,18.5,41.5,34.5,5.5,0.4434,0.597,0.1035,30200,26.41
152,200,62.368379,0.311842,4.866419,12.993809,10.256816,0.928223,0.4412,-0.0109,0.612,0.613,-0.15,25.0,44.5,29.0,1.5,0.4522,0.5669,0.0806,30400,27.38
153,200,58.743109,0.293716,4.866419,12.993809,10.256816,0.928223,0.4762,-0.0096,0.4729,0.5019,-0.155,22.5,40.0,33.0,4.5,0.4211,0.5477,0.1273,30600,26.63
154,200,66.076878,0.330384,5.440573,13.208185,10.256816,0.930176,0.5703,-0.0058,0.4802,0.474,-0.157,21.5,42.0,32.5,4.0,0.4407,0.6109,0.1636,30800,53.48
155,200,59.257233,0.296286,5.440573,13.208185,10.256816,0.930176,0.4832,-0.0082,0.4758,0.4847,-0.148,26.0,41.0,27.5,5.5,0.4365,0.5519,0.2082,31000,27.0
156,200,58.198175,0.290991,5.440573,13.208185,10.256816,0.930176,0.4543,-0.0102,0.4987,0.5162,-0.146,27.0,39.0,29.5,4.5,0.4116,0.5341,0.082,31200,26.9
157,200,58.679717,0.293399,5.440573,13.208185,10.256816,0.930176,0.3909,-0.0144,0.6191,0.6277,-0.15,25.0,42.5,29.5,3.0,0.4378,0.5555,0.1256,31400,25.39
158,200,59.519319,0.297597,5.440573,13.208185,10.256816,0.930176,0.5187,-0.0068,0.4303,0.4166,-0.144,28.0,42.5,25.5,4.0,0.4432,0.5059,0.0849,31600,25.82
159,200,60.263815,0.301319,5.440573,13.208185,10.256816,0.930176,0.4867,-0.0101,0.4898,0.5139,-0.157,21.5,37.0,37.0,4.5,0.3972,0.6027,0.0425,31800,27.56
160,200,67.233139,0.336166,5.440573,13.208185,10.256816,0.930176,0.5087,-0.0114,0.5966,0.6195,-0.159,20.5,46.5,31.0,2.0,0.4669,0.5647,0.0841,32000,26.45
161,200,57.061734,0.285309,5.440573,13.208185,10.256816,0.930176,0.4263,-0.0136,0.5343,0.5284,-0.148,26.0,41.0,29.0,4.0,0.4353,0.5397,0.0251,32200,25.54
162,200,58.868291,0.294341,5.440573,13.208185,10.256816,0.930176,0.4433,-0.009,0.5373,0.5306,-0.144,28.0,42.5,28.5,1.0,0.4337,0.4922,0.1707,32400,26.06
163,200,67.952808,0.339764,5.440573,13.208185,10.256816,0.930176,0.5112,-0.0085,0.6057,0.6145,-0.149,25.5,43.5,24.0,7.0,0.474,0.4936,0.1805,32600,27.14
164,200,62.650653,0.313253,6.00119,13.166404,10.256816,0.933105,0.5189,-0.0082,0.4924,0.4958,-0.157,21.5,38.0,33.5,7.0,0.4187,0.5882,0.037,32800,53.15
165,200,62.031276,0.310156,6.00119,13.166404,10.256816,0.933105,0.4167,-0.0134,0.6389,0.6569,-0.147,26.5,38.0,29.0,6.5,0.4198,0.5676,0.0344,33000,27.17
166,200,55.869399,0.279347,6.00119,13.166404,10.256816,0.933105,0.5013,-0.0078,0.3771,0.3922,-0.15,25.0,39.0,33.0,3.0,0.4047,0.5831,0.0801,33200,26.97
167,200,64.092223,0.320461,6.00119,13.166404,10.256816,0.933105,0.4447,-0.0112,0.6388,0.6437,-0.148,26.0,36.5,34.0,3.5,0.3851,0.5523,0.1746,33400,26.26
168,200,58.581058,0.292905,6.00119,13.166404,10.256816,0.933105,0.455,-0.0114,0.5117,0.5191,-0.149,25.5,41.5,27.0,6.0,0.4505,0.5286,0.1441,33600,25.7
169,200,68.201855,0.341009,6.00119,13.166404,10.256816,0.933105,0.5179,-0.0096,0.6031,0.6116,-0.154,23.0,49.5,25.5,2.0,0.5067,0.5217,0.1713,33800,26.96
170,200,67.106376,0.335532,6.00119,13.166404,10.256816,0.933105,0.5184,-0.0072,0.5667,0.5946,-0.145,27.5,41.5,27.0,4.0,0.4361,0.5292,0.0369,34000,25.66
171,200,62.504694,0.312523,6.00119,13.166404,10.256816,0.933105,0.4667,-0.0117,0.5707,0.5807,-0.149,25.5,44.0,25.0,5.5,0.4672,0.5128,0.1614,34200,26.45
172,200,60.138558,0.300693,6.00119,13.166404,10.256816,0.933105,0.4729,-0.0137,0.5279,0.5205,-0.163,18.5,41.5,35.5,4.5,0.4324,0.5851,0.0042,34400,27.4
173,200,66.82617,0.334131,6.00119,13.166404,10.256816,0.933105,0.5194,-0.0077,0.5779,0.5702,-0.154,23.0,43.5,30.0,3.5,0.4518,0.5827,0.1092,34600,27.93
174,200,65.238974,0.326195,6.00119,13.166404,10.256816,0.933105,0.5107,-0.0089,0.5573,0.5582,-0.153,23.5,42.0,31.0,3.5,0.4338,0.585,0.1994,34800,26.04
175,200,59.34125,0.296706,4.601603,10.635578,10.256816,0.929199,0.3911,-0.017,0.6411,0.6466,-0.163,18.5,46.5,32.5,2.5,0.4816,0.5904,0.1109,35000,53.88
176,200,65.018177,0.325091,4.601603,10.635578,10.256816,0.929199,0.5297,-0.0082,0.5205,0.5286,-0.157,21.5,40.5,33.0,5.0,0.4296,0.5704,0.0582,35200,26.51
177,200,64.894471,0.324472,4.601603,10.635578,10.256816,0.929199,0.4692,-0.012,0.6193,0.624,-0.155,22.5,44.0,27.0,6.5,0.4705,0.5309,0.074,35400,26.22
178,200,65.825317,0.329127,4.601603,10.635578,10.256816,0.929199,0.5921,-0.0061,0.4225,0.4615,-0.157,21.5,49.5,25.0,4.0,0.5167,0.581,0.0521,35600,26.16
179,200,60.548772,0.302744,4.601603,10.635578,10.256816,0.929199,0.476,-0.0134,0.521,0.5307,-0.155,22.5,49.5,25.5,2.5,0.5056,0.6105,0.1381,35800,26.68
180,200,64.487707,0.322439,4.601603,10.635578,10.256816,0.929199,0.5208,-0.0054,0.517,0.5331,-0.154,23.0,43.0,30.5,3.5,0.4461,0.5537,0.1159,36000,27.14
181,200,65.727245,0.328636,4.601603,10.635578,10.256816,0.929199,0.5022,-0.0088,0.5794,0.5825,-0.152,24.0,44.5,27.0,4.5,0.4674,0.5586,0.1328,36200,25.38
182,200,64.329974,0.32165,4.601603,10.635578,10.256816,0.929199,0.4884,-0.0117,0.5735,0.5908,-0.159,20.5,42.0,32.0,5.5,0.4431,0.5667,0.2962,36400,27.95
183,200,63.31527,0.316576,4.601603,10.635578,10.256816,0.929199,0.5204,-0.0076,0.5008,0.5069,-0.155,22.5,45.5,27.5,4.5,0.4812,0.5211,0.0913,36600,26.83
184,200,64.290618,0.321453,4.601603,10.635578,10.256816,0.929199,0.5021,-0.0077,0.549,0.5539,-0.152,24.0,36.5,35.5,4.0,0.3859,0.6001,0.1531,36800,27.51
185,200,62.163168,0.310816,16.1717,10.981668,10.256816,0.937988,0.4719,-0.0102,0.5521,0.5608,-0.143,28.5,39.0,28.5,4.0,0.4122,0.5327,0.061,37000,56.17
186,200,57.115316,0.285577,16.1717,10.981668,10.256816,0.937988,0.448,-0.0129,0.5027,0.5052,-0.163,18.5,44.0,32.5,5.0,0.4631,0.5879,0.1524,37200,26.35
187,200,57.650863,0.288254,16.1717,10.981668,10.256816,0.937988,0.447,-0.0112,0.5003,0.5172,-0.145,27.5,38.0,29.0,5.5,0.4048,0.5574,0.1491,37400,26.39
188,200,63.943393,0.319717,16.1717,10.981668,10.256816,0.937988,0.5503,-0.0058,0.4658,0.4657,-0.154,23.0,42.0,29.5,5.5,0.4419,0.5848,0.1172,37600,25.4
189,200,63.342943,0.316715,16.1717,10.981668,10.256816,0.937988,0.5692,-0.0062,0.422,0.4351,-0.162,19.0,46.5,31.0,3.5,0.4894,0.5914,0.1003,37800,27.9
190,200,63.713146,0.318566,16.1717,10.981668,10.256816,0.937988,0.4754,-0.0116,0.5861,0.5819,-0.148,26.0,45.5,22.0,6.5,0.495,0.5469,0.1071,38000,37.87
191,200,57.878753,0.289394,16.1717,10.981668,10.256816,0.937988,0.4771,-0.0114,0.4579,0.4812,-0.154,23.0,45.5,28.0,3.5,0.4732,0.5504,0.126,38200,35.8
192,200,65.655068,0.328275,16.1717,10.981668,10.256816,0.937988,0.5455,-0.0068,0.5,0.5187,-0.151,24.5,41.0,31.5,3.0,0.4273,0.5417,0.1877,38400,28.57
193,200,65.421332,0.327107,16.1717,10.981668,10.256816,0.937988,0.5721,-0.0059,0.4627,0.4646,-0.161,19.5,45.5,30.0,5.0,0.4703,0.6294,-0.0415,38600,27.64
194,200,61.23605,0.30618,16.1717,10.981668,10.256816,0.937988,0.4451,-0.0079,0.566,0.5943,-0.142,29.0,38.0,28.5,4.5,0.4043,0.5332,0.1479,38800,26.82
195,200,63.492048,0.31746,2.678434,13.685259,10.256816,0.923828,0.5362,-0.0051,0.4752,0.4829,-0.153,23.5,40.5,31.0,5.0,0.4285,0.5626,0.1454,39000,53.94
196,200,67.224857,0.336124,2.678434,13.685259,10.256816,0.923828,0.4724,-0.0122,0.6619,0.6663,-0.157,21.5,48.0,27.0,3.5,0.4915,0.5879,0.1553,39200,26.58
197,200,71.305482,0.356527,2.678434,13.685259,10.256816,0.923828,0.5633,-0.009,0.5941,0.6024,-0.159,20.5,41.5,34.0,4.0,0.4417,0.5931,0.1168,39400,26.62
198,200,65.472291,0.327361,2.678434,13.685259,10.256816,0.923828,0.5288,-0.0058,0.5369,0.5155,-0.148,26.0,41.5,26.0,6.5,0.444,0.526,0.0455,39600,25.82
199,200,69.803375,0.349017,2.678434,13.685259,10.256816,0.923828,0.5701,-0.0063,0.5561,0.5503,-0.159,20.5,46.0,30.5,3.0,0.4715,0.568,0.061,39800,26.11
200,200,67.278051,0.33639,2.678434,13.685259,10.256816,0.923828,0.5097,-0.0084,0.5952,0.6045,-0.151,24.5,41.5,29.5,4.5,0.4376,0.5646,0.1388,40000,27.03
201,200,63.579865,0.317899,2.678434,13.685259,10.256816,0.923828,0.5133,-0.01,0.5312,0.5159,-0.162,19.0,43.5,30.5,7.0,0.4577,0.5477,0.0086,40200,26.96
202,200,63.159004,0.315795,2.678434,13.685259,10.256816,0.923828,0.5152,-0.0058,0.503,0.5053,-0.148,26.0,42.5,27.5,4.0,0.4501,0.5162,0.0643,40400,26.38
203,200,67.337127,0.336686,2.678434,13.685259,10.256816,0.923828,0.4771,-0.0092,0.6523,0.6519,-0.149,25.5,39.0,32.5,3.0,0.4012,0.5544,0.1031,40600,26.98
204,200,66.53846,0.332692,2.678434,13.685259,10.256816,0.923828,0.4846,-0.0104,0.6252,0.6369,-0.16,20.0,40.0,34.0,6.0,0.4316,0.6012,0.0684,40800,26.53
205,200,62.613808,0.313069,9.161348,11.52171,10.256816,0.925293,0.4737,-0.0099,0.5628,0.5593,-0.143,28.5,41.0,26.5,4.0,0.4298,0.5613,0.1149,41000,55.36
206,200,62.867306,0.314337,9.161348,11.52171,10.256816,0.925293,0.4846,-0.0083,0.548,0.5578,-0.154,23.0,45.0,28.5,3.5,0.4626,0.5587,0.0007,41200,25.55
207,200,62.330253,0.311651,9.161348,11.52171,10.256816,0.925293,0.4715,-0.011,0.5628,0.5659,-0.152,24.0,41.0,31.0,4.0,0.4357,0.5446,0.1205,41400,26.74
208,200,60.823434,0.304117,9.161348,11.52171,10.256816,0.925293,0.5056,-0.0068,0.4732,0.477,-0.151,24.5,40.0,30.0,5.5,0.4271,0.5487,0.1174,41600,26.37
209,200,65.309844,0.326549,9.161348,11.52171,10.256816,0.925293,0.5259,-0.007,0.5258,0.5426,-0.152,24.0,46.0,26.0,4.0,0.4749,0.5543,0.1576,41800,26.15
210,200,61.141059,0.305705,9.161348,11.52171,10.256816,0.925293,0.5372,-0.0056,0.4282,0.4309,-0.151,24.5,39.0,30.0,6.5,0.4234,0.5704,0.0325,42000,27.16
211,200,62.744151,0.313721,9.161348,11.52171,10.256816,0.925293,0.5783,-0.0065,0.392,0.4093,-0.157,21.5,42.5,28.0,8.0,0.4657,0.5625,0.0781,42200,26.46
212,200,62.772333,0.313862,9.161348,11.52171,10.256816,0.925293,0.5378,-0.0061,0.4558,0.4728,-0.154,23.0,39.5,35.5,2.0,0.406,0.5875,0.067,42400,25.67
213,200,60.011969,0.30006,9.161348,11.52171,10.256816,0.925293,0.4826,-0.0087,0.4948,0.4957,-0.146,27.0,41.0,28.5,3.5,0.4297,0.5274,0.0848,42600,26.32
214,200,65.312752,0.326564,9.161348,11.52171,10.256816,0.925293,0.529,-0.0061,0.521,0.5363,-0.153,23.5,38.0,33.0,5.5,0.4122,0.5895,0.1816,42800,27.01
215,200,67.207415,0.336037,9.161348,11.52171,10.256816,0.925293,0.5042,-0.0135,0.6195,0.612,-0.164,18.0,50.0,30.0,2.0,0.5054,0.5658,0.1546,43000,25.85
216,200,64.707258,0.323536,6.895434,13.263117,10.256816,0.93457,0.5078,-0.0054,0.5427,0.5506,-0.147,26.5,38.0,30.5,5.0,0.4076,0.5648,0.141,43200,52.72
217,200,64.804638,0.324023,6.895434,13.263117,10.256816,0.93457,0.526,-0.0123,0.526,0.5361,-0.158,21.0,52.5,23.5,3.0,0.538,0.533,0.078,43400,26.51
218,200,60.763519,0.303818,6.895434,13.263117,10.256816,0.93457,0.4736,-0.0121,0.5361,0.5287,-0.159,20.5,44.5,29.5,5.5,0.475,0.5389,0.0903,43600,27.18
219,200,61.547536,0.307738,6.895434,13.263117,10.256816,0.93457,0.4662,-0.0082,0.5487,0.554,-0.144,28.0,43.0,25.0,4.0,0.4476,0.5531,0.1487,43800,25.51
220,200,65.550691,0.327753,6.895434,13.263117,10.256816,0.93457,0.5036,-0.0065,0.5641,0.5804,-0.147,26.5,39.5,27.5,6.5,0.4308,0.5451,0.194,44000,27.35
221,200,57.553744,0.287769,6.895434,13.263117,10.256816,0.93457,0.4732,-0.0087,0.46,0.4595,-0.143,28.5,42.5,26.0,3.0,0.4399,0.5155,0.0239,44200,26.4
222,200,58.455243,0.292276,6.895434,13.263117,10.256816,0.93457,0.4003,-0.0127,0.5954,0.6034,-0.143,28.5,41.5,26.5,3.5,0.4386,0.5379,0.2196,44400,25.06
223,200,61.35982,0.306799,6.895434,13.263117,10.256816,0.93457,0.526,-0.0079,0.4493,0.4667,-0.157,21.5,47.5,28.5,2.5,0.4875,0.5303,0.0521,44600,26.27
224,200,66.518958,0.332595,6.895434,13.263117,10.256816,0.93457,0.4974,-0.0109,0.606,0.6095,-0.155,22.5,41.0,34.0,2.5,0.4232,0.5913,0.1221,44800,26.26
225,200,61.067935,0.30534,6.895434,13.263117,10.256816,0.93457,0.525,-0.0073,0.4434,0.4625,-0.156,22.0,44.5,28.5,5.0,0.4597,0.5533,0.1859,45000,26.03
226,200,66.375819,0.331879,5.748021,10.543577,10.256816,0.930176,0.5332,-0.0078,0.5529,0.5382,-0.162,19.0,46.0,33.5,1.5,0.4638,0.5846,0.0825,45200,53.0
227,200,67.851577,0.339258,5.748021,10.543577,10.256816,0.930176,0.5463,-0.0063,0.5449,0.5618,-0.156,22.0,39.0,32.0,7.0,0.422,0.5921,0.0678,45400,26.23
228,200,62.919428,0.314597,5.748021,10.543577,10.256816,0.930176,0.502,-0.0067,0.5163,0.5265,-0.146,27.0,44.0,25.5,3.5,0.4581,0.522,0.1554,45600,26.19
229,200,65.458523,0.327293,5.748021,10.543577,10.256816,0.930176,0.5494,-0.0068,0.4957,0.5009,-0.152,24.0,39.5,31.5,5.0,0.4174,0.5619,0.1563,45800,25.0
230,200,57.893376,0.289467,5.748021,10.543577,10.256816,0.930176,0.4334,-0.0151,0.5418,0.5453,-0.159,20.5,49.5,26.0,4.0,0.5113,0.5179,0.0638,46000,26.24
231,200,69.154912,0.345775,5.748021,10.543577,10.256816,0.930176,0.5406,-0.0072,0.5752,0.5985,-0.148,26.0,43.5,29.5,1.0,0.4369,0.5717,0.0126,46200,26.33
232,200,59.024567,0.295123,5.748021,10.543577,10.256816,0.930176,0.4255,-0.011,0.5592,0.5821,-0.144,28.0,40.0,30.0,2.0,0.4109,0.5159,0.2187,46400,25.33
233,200,63.668891,0.318344,5.748021,10.543577,10.256816,0.930176,0.4454,-0.0137,0.6428,0.6349,-0.163,18.5,45.0,31.0,5.5,0.4738,0.5656,-0.0059,46600,28.64
234,200,65.698225,0.328491,5.748021,10.543577,10.256816,0.930176,0.5712,-0.0056,0.4578,0.4823,-0.155,22.5,51.0,24.0,2.5,0.519,0.5634,0.0638,46800,43.2
235,200,61.783007,0.308915,5.748021,10.543577,10.256816,0.930176,0.4397,-0.0101,0.5966,0.6065,-0.146,27.0,39.0,30.5,3.5,0.4039,0.5128,0.076,47000,43.66
236,200,68.204294,0.341021,3.730943,11.605816,10.256816,0.922363,0.5595,-0.0064,0.5312,0.5443,-0.153,23.5,44.5,28.5,3.5,0.4595,0.4884,0.1187,47200,95.68
237,200,63.382835,0.316914,3.730943,11.605816,10.256816,0.922363,0.5524,-0.0068,0.4475,0.4635,-0.158,21.0,44.5,31.0,3.5,0.4613,0.5881,0.1515,47400,37.51
238,200,61.425451,0.307127,3.730943,11.605816,10.256816,0.922363,0.4978,-0.0086,0.4934,0.5043,-0.143,28.5,42.0,25.5,4.0,0.437,0.4916,0.0873,47600,37.2
239,200,67.357588,0.336788,3.730943,11.605816,10.256816,0.922363,0.4992,-0.0104,0.6127,0.6289,-0.151,24.5,44.5,25.5,5.5,0.4738,0.547,0.2015,47800,42.26
240,200,63.683417,0.318417,3.730943,11.605816,10.256816,0.922363,0.4598,-0.009,0.5973,0.6124,-0.141,29.5,41.5,25.0,4.0,0.441,0.4851,0.131,48000,44.76
241,200,62.60162,0.313008,3.730943,11.605816,10.256816,0.922363,0.557,-0.0079,0.4338,0.4292,-0.158,21.0,44.0,29.0,6.0,0.4718,0.5433,0.0487,48200,45.11
242,200,64.761588,0.323808,3.730943,11.605816,10.256816,0.922363,0.5261,-0.0053,0.5113,0.5289,-0.149,25.5,37.0,32.5,5.0,0.3898,0.5515,0.0992,48400,47.09
243,200,64.521236,0.322606,3.730943,11.605816,10.256816,0.922363,0.5187,-0.0083,0.5247,0.5399,-0.155,22.5,42.0,28.5,7.0,0.456,0.5018,0.18,48600,43.16
244,200,59.278287,0.296391,3.730943,11.605816,10.256816,0.922363,0.413,-0.0161,0.6014,0.6101,-0.16,20.0,46.0,28.5,5.5,0.4817,0.558,0.1174,48800,45.18
245,200,65.886788,0.329434,3.730943,11.605816,10.256816,0.922363,0.4919,-0.0089,0.5943,0.6005,-0.143,28.5,42.0,25.5,4.0,0.4456,0.4855,0.0574,49000,38.81
246,200,65.128309,0.325642,4.844041,10.889607,10.256816,0.939941,0.5531,-0.0064,0.4711,0.5066,-0.153,23.5,45.0,25.5,6.0,0.4825,0.5316,0.0572,49200,76.26
247,200,66.566226,0.332831,4.844041,10.889607,10.256816,0.939941,0.5118,-0.0089,0.5807,0.5822,-0.15,25.0,43.5,28.0,3.5,0.4505,0.5229,0.3335,49400,36.55
248,200,59.8836,0.299418,4.844041,10.889607,10.256816,0.939941,0.4224,-0.0142,0.5996,0.5996,-0.159,20.5,44.0,32.0,3.5,0.4619,0.6082,0.169,49600,37.09
249,200,63.201848,0.316009,4.844041,10.889607,10.256816,0.939941,0.4846,-0.0119,0.5512,0.5814,-0.157,21.5,41.5,32.0,5.0,0.4435,0.5578,0.1321,49800,35.68
250,200,66.525137,0.332626,4.844041,10.889607,10.256816,0.939941,0.5345,-0.0081,0.5384,0.5619,-0.161,19.5,46.0,30.5,4.0,0.4833,0.5664,0.1602,50000,36.57
251,200,62.352746,0.311764,4.844041,10.889607,10.256816,0.939941,0.4869,-0.0084,0.5244,0.5465,-0.142,29.0,44.0,22.5,4.5,0.4619,0.4773,0.0754,50200,37.81
252,200,64.400254,0.322001,4.844041,10.889607,10.256816,0.939941,0.5358,-0.0071,0.4877,0.5138,-0.151,24.5,38.0,32.5,5.0,0.403,0.6187,0.1351,50400,34.88
253,200,65.992877,0.329964,4.844041,10.889607,10.256816,0.939941,0.4821,-0.0131,0.6183,0.6335,-0.157,21.5,48.5,24.0,6.0,0.5072,0.5452,0.1606,50600,33.27
254,200,62.33871,0.311694,4.844041,10.889607,10.256816,0.939941,0.4887,-0.0066,0.5295,0.5265,-0.142,29.0,39.5,25.0,6.5,0.4282,0.5012,0.1703,50800,36.11
255,200,61.008869,0.305044,4.844041,10.889607,10.256816,0.939941,0.5096,-0.0096,0.4664,0.4826,-0.146,27.0,44.0,24.0,5.0,0.4616,0.5121,-0.0252,51000,37.08
256,200,63.585301,0.317927,6.303474,12.297904,10.256816,0.928223,0.4797,-0.0077,0.5636,0.5794,-0.145,27.5,37.0,32.5,3.0,0.3933,0.587,0.0459,51200,79.75
257,200,63.860761,0.319304,6.303474,12.297904,10.256816,0.928223,0.5672,-0.0063,0.439,0.4375,-0.156,22.0,45.0,27.5,5.5,0.4871,0.5661,0.144,51400,33.65
258,200,67.664544,0.338323,6.303474,12.297904,10.256816,0.928223,0.4592,-0.009,0.6849,0.6934,-0.152,24.0,35.0,36.5,4.5,0.373,0.6061,0.0943,51600,36.34
259,200,58.867146,0.294336,6.303474,12.297904,10.256816,0.928223,0.4947,-0.0085,0.4482,0.4657,-0.152,24.0,39.5,33.0,3.5,0.4149,0.5814,0.1363,51800,41.07
260,200,62.444927,0.312225,6.303474,12.297904,10.256816,0.928223,0.4624,-0.0083,0.5743,0.5817,-0.15,25.0,41.5,31.5,2.0,0.4232,0.5519,0.1049,52000,39.86
261,200,59.561961,0.29781,6.303474,12.297904,10.256816,0.928223,0.4456,-0.0076,0.5404,0.5439,-0.14,30.0,39.0,27.0,4.0,0.4131,0.543,0.0724,52200,39.66
262,200,64.913218,0.324566,6.303474,12.297904,10.256816,0.928223,0.4905,-0.0082,0.5785,0.5844,-0.148,26.0,42.0,27.5,4.5,0.4417,0.5124,0.1088,52400,38.7
263,200,66.954801,0.334774,6.303474,12.297904,10.256816,0.928223,0.5424,-0.0068,0.5303,0.5536,-0.154,23.0,46.5,27.5,3.0,0.4726,0.5848,0.0633,52600,38.13
264,200,65.644055,0.32822,6.303474,12.297904,10.256816,0.928223,0.482,-0.006,0.5931,0.6186,-0.139,30.5,37.0,29.5,3.0,0.3843,0.5458,0.1612,52800,46.72
265,200,66.26687,0.331334,6.303474,12.297904,10.256816,0.928223,0.5127,-0.0109,0.5771,0.5843,-0.16,20.0,43.0,31.5,5.5,0.4604,0.5458,0.1078,53000,47.65
266,200,62.591348,0.312957,6.303474,12.297904,10.256816,0.928223,0.4319,-0.0142,0.6377,0.6288,-0.148,26.0,43.0,25.5,5.5,0.4543,0.5202,0.0976,53200,49.99
267,200,62.222945,0.311115,2.507535,11.655092,10.256816,0.931641,0.515,-0.0069,0.482,0.4936,-0.148,26.0,41.0,28.5,4.5,0.4332,0.5313,0.0433,53400,101.15
268,200,63.707218,0.318536,2.507535,11.655092,10.256816,0.931641,0.5497,-0.0069,0.462,0.4689,-0.158,21.0,38.5,35.5,5.0,0.413,0.5907,0.074,53600,51.64
269,200,70.118392,0.350592,2.507535,11.655092,10.256816,0.931641,0.5434,-0.0054,0.5985,0.6021,-0.154,23.0,44.0,28.5,4.5,0.4655,0.5299,0.1167,53800,44.86
270,200,58.882497,0.294412,2.507535,11.655092,10.256816,0.931641,0.4643,-0.0072,0.4981,0.5029,-0.145,27.5,38.5,30.5,3.5,0.3968,0.5314,0.025,54000,42.91
271,200,64.763834,0.323819,2.507535,11.655092,10.256816,0.931641,0.4883,-0.0096,0.5851,0.5822,-0.151,24.5,43.5,27.5,4.5,0.4601,0.5636,0.1789,54200,49.14
272,200,65.263795,0.326319,2.507535,11.655092,10.256816,0.931641,0.5093,-0.0067,0.5472,0.566,-0.144,28.0,42.5,24.0,5.5,0.4571,0.5208,0.1175,54400,50.16
273,200,63.410492,0.317052,2.507535,11.655092,10.256816,0.931641,0.5284,-0.0043,0.4811,0.4989,-0.153,23.5,40.5,32.5,3.5,0.4246,0.6163,0.0891,54600,51.32
274,200,63.165672,0.315828,2.507535,11.655092,10.256816,0.931641,0.4576,-0.0134,0.6066,0.6065,-0.155,22.5,46.0,29.0,2.5,0.4755,0.4991,0.012,54800,63.73
275,200,64.494129,0.322471,2.507535,11.655092,10.256816,0.931641,0.5183,-0.0104,0.5248,0.5393,-0.149,25.5,42.0,26.5,6.0,0.4508,0.5557,0.0729,55000,51.76
276,200,67.859095,0.339295,2.507535,11.655092,10.256816,0.931641,0.4809,-0.0112,0.6467,0.6821,-0.155,22.5,46.5,26.5,4.5,0.4821,0.5706,0.0909,55200,44.66
277,200,64.443613,0.322218,21.265725,11.226639,10.256816,0.939941,0.5321,-0.0074,0.5057,0.5039,-0.15,25.0,42.0,31.5,1.5,0.4288,0.5222,0.1219,55400,104.01
278,200,60.965088,0.304825,21.265725,11.226639,10.256816,0.939941,0.3987,-0.0123,0.6582,0.6509,-0.154,23.0,38.5,33.0,5.5,0.4244,0.5717,0.2091,55600,52.9
279,200,68.549678,0.342748,21.265725,11.226639,10.256816,0.939941,0.5491,-0.0082,0.563,0.567,-0.16,20.0,44.5,32.5,3.0,0.4581,0.6206,0.0304,55800,58.16
280,200,58.28974,0.291449,21.265725,11.226639,10.256816,0.939941,0.4732,-0.0117,0.4753,0.4973,-0.159,20.5,44.0,30.0,5.5,0.4635,0.5975,0.1091,56000,54.61
281,200,58.707452,0.293537,21.265725,11.226639,10.256816,0.939941,0.4117,-0.0118,0.5788,0.591,-0.141,29.5,39.0,28.5,3.0,0.4047,0.5245,0.0174,56200,40.99
282,200,66.67007,0.33335,21.265725,11.226639,10.256816,0.939941,0.477,-0.0109,0.6405,0.6411,-0.149,25.5,48.0,22.0,4.5,0.5055,0.5523,0.1283,56400,46.86
283,200,65.045894,0.325229,21.265725,11.226639,10.256816,0.939941,0.4853,-0.0096,0.59,0.6049,-0.155,22.5,47.5,25.5,4.5,0.4975,0.5315,0.0368,56600,34.35
284,200,63.431706,0.317159,21.265725,11.226639,10.256816,0.939941,0.5215,-0.0068,0.5003,0.509,-0.157,21.5,40.0,30.0,8.5,0.4409,0.5436,0.0987,56800,32.02
285,200,57.840239,0.289201,21.265725,11.226639,10.256816,0.939941,0.4583,-0.0129,0.4968,0.503,-0.157,21.5,45.0,28.5,5.0,0.4772,0.5558,0.1002,57000,27.1
286,200,64.500416,0.322502,21.265725,11.226639,10.256816,0.939941,0.4482,-0.0127,0.6482,0.6476,-0.156,22.0,46.0,29.5,2.5,0.4727,0.5636,0.0757,57200,26.03
287,200,61.691764,0.308459,4.343051,13.877182,10.256816,0.92041,0.4961,-0.0082,0.5057,0.514,-0.152,24.0,44.0,27.5,4.5,0.4674,0.5677,0.2385,57400,56.58
288,200,60.283733,0.301419,4.343051,13.877182,10.256816,0.92041,0.4293,-0.0103,0.5822,0.5944,-0.145,27.5,36.0,32.5,4.0,0.3814,0.5837,0.055,57600,25.98
289,200,62.118746,0.310594,4.343051,13.877182,10.256816,0.92041,0.5362,-0.0097,0.4558,0.4608,-0.159,20.5,46.0,29.5,4.0,0.4773,0.5865,0.0724,57800,26.31
290,200,61.579568,0.307898,4.343051,13.877182,10.256816,0.92041,0.4892,-0.0107,0.5175,0.5275,-0.155,22.5,44.5,29.0,4.0,0.4621,0.5169,0.0446,58000,25.05
291,200,59.444623,0.297223,4.343051,13.877182,10.256816,0.92041,0.4812,-0.0093,0.4793,0.4995,-0.148,26.0,40.5,27.0,6.5,0.432,0.5525,0.1245,58200,25.59
292,200,66.237692,0.331188,4.343051,13.877182,10.256816,0.92041,0.57,-0.0081,0.4861,0.484,-0.161,19.5,44.5,32.5,3.5,0.4587,0.5736,0.1433,58400,26.29
293,200,66.456671,0.332283,4.343051,13.877182,10.256816,0.92041,0.5499,-0.0038,0.5142,0.5094,-0.148,26.0,39.5,29.5,5.0,0.4189,0.5571,0.1019,58600,25.8
294,200,57.109345,0.285547,4.343051,13.877182,10.256816,0.92041,0.4879,-0.008,0.4224,0.4394,-0.149,25.5,40.0,29.0,5.5,0.4291,0.556,0.1742,58800,25.05
295,200,62.645769,0.313229,4.343051,13.877182,10.256816,0.92041,0.4592,-0.0101,0.5798,0.5992,-0.148,26.0,40.5,29.0,4.5,0.432,0.5017,0.0203,59000,26.82
296,200,61.102404,0.305512,4.343051,13.877182,10.256816,0.92041,0.5066,-0.0076,0.4786,0.4819,-0.152,24.0,38.5,34.0,3.5,0.4046,0.585,0.1831,59200,25.65
297,200,66.858352,0.334292,2.839804,11.196586,10.256816,0.924805,0.5556,-0.0074,0.5162,0.5225,-0.158,21.0,44.5,28.5,6.0,0.4741,0.598,0.0461,59400,55.39
298,200,66.133373,0.330667,2.839804,11.196586,10.256816,0.924805,0.5144,-0.009,0.5726,0.5718,-0.159,20.5,44.5,31.0,4.0,0.4636,0.5768,0.1199,59600,25.19
299,200,65.892507,0.329463,2.839804,11.196586,10.256816,0.924805,0.4886,-0.0102,0.6034,0.6146,-0.154,23.0,43.5,28.5,5.0,0.4617,0.5996,0.0296,59800,25.68
300,200,65.115368,0.325577,2.839804,11.196586,10.256816,0.924805,0.4623,-0.0108,0.6334,0.6335,-0.15,25.0,43.0,27.0,5.0,0.4585,0.5655,0.1098,60000,24.84
301,200,60.98687,0.304934,2.839804,11.196586,10.256816,0.924805,0.4577,-0.0121,0.5611,0.5579,-0.151,24.5,39.5,30.5,5.5,0.4229,0.5797,0.1335,60200,25.82
302,200,62.863852,0.314319,2.839804,11.196586,10.256816,0.924805,0.4216,-0.0172,0.6558,0.6702,-0.154,23.0,43.5,29.5,4.0,0.4619,0.5647,0.1657,60400,26.42
303,200,59.901605,0.299508,2.839804,11.196586,10.256816,0.924805,0.4919,-0.0086,0.4798,0.4814,-0.152,24.0,44.0,27.5,4.5,0.4647,0.5408,0.126,60600,25.58
304,200,60.830356,0.304152,2.839804,11.196586,10.256816,0.924805,0.4634,-0.0109,0.5381,0.558,-0.15,25.0,46.0,24.5,4.5,0.4842,0.5126,0.1163,60800,25.25
305,200,63.317873,0.316589,2.839804,11.196586,10.256816,0.924805,0.4551,-0.0069,0.6018,0.5961,-0.136,32.0,34.0,29.5,4.5,0.3648,0.4907,0.1123,61000,26.49
306,200,63.719706,0.318599,2.839804,11.196586,10.256816,0.924805,0.5119,-0.0066,0.5193,0.5211,-0.145,27.5,38.5,29.5,4.5,0.4084,0.5624,0.0351,61200,25.83
307,200,68.571803,0.342859,2.839804,11.196586,10.256816,0.924805,0.5374,-0.0077,0.5757,0.5898,-0.155,22.5,40.0,34.5,3.0,0.4126,0.6029,0.1361,61400,25.87
308,200,59.980685,0.299903,6.685967,12.234407,10.256816,0.935547,0.5099,-0.0063,0.438,0.4601,-0.142,29.0,40.0,28.5,2.5,0.4039,0.5015,0.1474,61600,52.83
309,200,63.284096,0.31642,6.685967,12.234407,10.256816,0.935547,0.4918,-0.0076,0.5433,0.5513,-0.15,25.0,39.0,31.5,4.5,0.4136,0.5601,0.0438,61800,26.24
310,200,63.055732,0.315279,6.685967,12.234407,10.256816,0.935547,0.4829,-0.0088,0.5507,0.57,-0.153,23.5,43.0,30.5,3.0,0.4435,0.5498,0.1223,62000,26.1
311,200,64.395549,0.321978,6.685967,12.234407,10.256816,0.935547,0.4582,-0.0118,0.6171,0.6367,-0.146,27.0,46.0,22.0,5.0,0.4779,0.4853,0.1125,62200,25.34
312,200,58.616148,0.293081,6.685967,12.234407,10.256816,0.935547,0.4291,-0.0098,0.5538,0.5551,-0.147,26.5,37.5,32.0,4.0,0.3993,0.5529,0.191,62400,26.65
313,200,74.591448,0.372957,6.685967,12.234407,10.256816,0.935547,0.572,-0.0043,0.6453,0.6352,-0.151,24.5,42.0,28.5,5.0,0.4412,0.5367,0.1808,62600,26.07
314,200,64.526699,0.322633,6.685967,12.234407,10.256816,0.935547,0.4376,-0.0107,0.6521,0.6673,-0.143,28.5,36.0,30.5,5.0,0.3871,0.5092,0.0892,62800,25.57
315,200,66.579261,0.332896,6.685967,12.234407,10.256816,0.935547,0.5511,-0.0109,0.5278,0.5279,-0.168,16.0,48.0,32.5,3.5,0.4923,0.5474,0.0238,63000,25.65
316,200,62.428769,0.312144,6.685967,12.234407,10.256816,0.935547,0.5355,-0.0087,0.4519,0.4763,-0.153,23.5,44.5,29.0,3.0,0.4554,0.5743,0.0936,63200,26.95
317,200,65.384055,0.32692,6.685967,12.234407,10.256816,0.935547,0.4612,-0.0116,0.6532,0.6285,-0.155,22.5,42.5,30.0,5.0,0.4512,0.5997,0.071,63400,25.81
318,200,66.554153,0.332771,5.56705,15.438445,10.256816,0.932617,0.5395,-0.0092,0.5359,0.5508,-0.162,19.0,47.0,29.0,5.0,0.4942,0.5921,0.0588,63600,52.4
319,200,63.93276,0.319664,5.56705,15.438445,10.256816,0.932617,0.5503,-0.0057,0.4626,0.4787,-0.163,18.5,43.0,35.0,3.5,0.4526,0.5932,0.0747,63800,26.59
320,200,62.605569,0.313028,5.56705,15.438445,10.256816,0.932617,0.4559,-0.0118,0.5978,0.5922,-0.153,23.5,42.0,30.0,4.5,0.4405,0.539,0.0443,64000,25.55
321,200,60.756715,0.303784,5.56705,15.438445,10.256816,0.932617,0.4525,-0.0136,0.5646,0.5708,-0.156,22.0,44.0,28.5,5.5,0.4654,0.5502,0.0501,64200,25.86
322,200,65.144196,0.325721,5.56705,15.438445,10.256816,0.932617,0.5217,-0.0113,0.5465,0.5408,-0.162,19.0,46.5,28.0,6.5,0.4978,0.5806,0.158,64400,25.71
323,200,61.795039,0.308975,5.56705,15.438445,10.256816,0.932617,0.4735,-0.0101,0.5401,0.5659,-0.155,22.5,40.5,33.0,4.0,0.4314,0.5644,0.1285,64600,26.24
324,200,66.082534,0.330413,5.56705,15.438445,10.256816,0.932617,0.5503,-0.0059,0.5018,0.5198,-0.155,22.5,38.5,33.0,6.0,0.4175,0.5898,0.0462,64800,26.03
325,200,53.826709,0.269134,5.56705,15.438445,10.256816,0.932617,0.3921,-0.0146,0.5229,0.5241,-0.149,25.5,39.5,29.5,5.5,0.4315,0.5548,0.1737,65000,25.57
326,200,60.86247,0.304312,5.56705,15.438445,10.256816,0.932617,0.4736,-0.0103,0.5234,0.5397,-0.15,25.0,43.5,27.5,4.0,0.4524,0.5299,0.1565,65200,26.49
327,200,56.727504,0.283638,5.56705,15.438445,10.256816,0.932617,0.4174,-0.0142,0.5388,0.5481,-0.154,23.0,41.0,31.0,5.0,0.4382,0.564,0.047,65400,32.42
328,200,60.024183,0.300121,4.82299,11.142057,10.256816,0.928223,0.4919,-0.0115,0.4878,0.4846,-0.154,23.0,47.0,27.0,3.0,0.4932,0.5761,0.2378,65600,65.64
329,200,59.705618,0.298528,4.82299,11.142057,10.256816,0.928223,0.4398,-0.011,0.5585,0.559,-0.143,28.5,40.5,29.5,1.5,0.4159,0.5494,0.0952,65800,30.82
330,200,62.995086,0.314975,4.82299,11.142057,10.256816,0.928223,0.46,-0.0059,0.5889,0.5831,-0.142,29.0,35.0,31.0,5.0,0.3791,0.5096,0.0185,66000,30.8
331,200,63.187921,0.31594,4.82299,11.142057,10.256816,0.928223,0.4548,-0.0171,0.6179,0.621,-0.165,17.5,51.0,27.0,4.5,0.5329,0.5738,0.0545,66200,30.0
332,200,61.189919,0.30595,4.82299,11.142057,10.256816,0.928223,0.4722,-0.011,0.5442,0.5328,-0.151,24.5,49.0,24.0,2.5,0.5044,0.5401,0.0892,66400,31.24
333,200,61.66074,0.308304,4.82299,11.142057,10.256816,0.928223,0.4524,-0.0129,0.5818,0.5841,-0.151,24.5,46.5,25.0,4.0,0.4899,0.4952,0.1013,66600,31.65
334,200,60.868256,0.304341,4.82299,11.142057,10.256816,0.928223,0.429,-0.0147,0.6012,0.6113,-0.149,25.5,44.5,27.5,2.5,0.457,0.5581,0.147,66800,31.3
335,200,64.728819,0.323644,4.82299,11.142057,10.256816,0.928223,0.5056,-0.0064,0.5462,0.5548,-0.144,28.0,44.5,23.5,4.0,0.4574,0.528,0.0822,67000,30.23
336,200,70.680896,0.353404,4.82299,11.142057,10.256816,0.928223,0.5376,-0.0122,0.6245,0.6443,-0.167,16.5,41.5,35.0,7.0,0.4531,0.604,-0.0173,67200,31.61
337,200,59.718955,0.298595,4.82299,11.142057,10.256816,0.928223,0.4077,-0.0097,0.6118,0.6057,-0.144,28.0,36.0,32.0,4.0,0.3842,0.5641,0.1011,67400,30.77
338,200,63.465359,0.317327,8.869188,10.394004,10.256816,0.929688,0.5625,-0.0063,0.4373,0.437,-0.154,23.0,41.5,29.5,6.0,0.4468,0.5561,0.0866,67600,66.89
339,200,63.511448,0.317557,8.869188,10.394004,10.256816,0.929688,0.5559,-0.0068,0.446,0.4642,-0.164,18.0,46.5,31.0,4.5,0.4902,0.6061,0.1299,67800,30.22
340,200,55.612146,0.278061,8.869188,10.394004,10.256816,0.929688,0.3829,-0.0133,0.5708,0.5721,-0.146,27.0,36.0,30.5,6.5,0.394,0.5984,0.0841,68000,32.01
341,200,63.744229,0.318721,8.869188,10.394004,10.256816,0.929688,0.4803,-0.0057,0.5704,0.5598,-0.135,32.5,37.0,27.5,3.0,0.3879,0.5041,0.0834,68200,30.54
342,200,62.545755,0.312729,8.869188,10.394004,10.256816,0.929688,0.4443,-0.0142,0.6116,0.6203,-0.152,24.0,41.5,31.5,3.0,0.4353,0.5585,0.1606,68400,29.47
343,200,64.710088,0.32355,8.869188,10.394004,10.256816,0.929688,0.5368,-0.0056,0.4981,0.5021,-0.147,26.5,43.0,28.0,2.5,0.4449,0.5029,0.1976,68600,31.23
344,200,64.145766,0.320729,8.869188,10.394004,10.256816,0.929688,0.5568,-0.0062,0.4513,0.4757,-0.157,21.5,50.5,24.5,3.5,0.5129,0.533,-0.0562,68800,31.63
345,200,67.3617,0.336808,8.869188,10.394004,10.256816,0.929688,0.5338,-0.0092,0.5601,0.5756,-0.16,20.0,44.0,30.0,6.0,0.4648,0.6071,0.0867,69000,30.66
346,200,65.825861,0.329129,8.869188,10.394004,10.256816,0.929688,0.5227,-0.0046,0.5437,0.5496,-0.153,23.5,40.5,34.0,2.0,0.4153,0.5606,0.115,69200,31.69
347,200,62.658527,0.313293,8.869188,10.394004,10.256816,0.929688,0.4503,-0.0108,0.5906,0.6247,-0.152,24.0,40.0,29.0,7.0,0.4375,0.5515,0.1014,69400,31.17
348,200,59.771129,0.298856,8.869188,10.394004,10.256816,0.929688,0.5081,-0.0058,0.4426,0.4569,-0.15,25.0,38.5,33.5,3.0,0.4,0.5828,0.0369,69600,30.76
349,200,59.870225,0.299351,14.385469,10.909898,10.256816,0.930176,0.4626,-0.0096,0.5264,0.5295,-0.152,24.0,43.5,28.5,4.0,0.4528,0.5676,0.0913,69800,66.07
350,200,63.239732,0.316199,14.385469,10.909898,10.256816,0.930176,0.4528,-0.0125,0.6064,0.6256,-0.153,23.5,41.0,30.0,5.5,0.4379,0.5219,0.2379,70000,31.79
351,200,62.976322,0.314882,14.385469,10.909898,10.256816,0.930176,0.4584,-0.0095,0.5976,0.5875,-0.145,27.5,44.5,24.0,4.0,0.465,0.5489,0.2019,70200,30.54
352,200,64.397165,0.321986,14.385469,10.909898,10.256816,0.930176,0.5503,-0.0068,0.4753,0.4867,-0.164,18.0,45.5,31.5,5.0,0.4771,0.6172,0.115,70400,30.38
353,200,56.751514,0.283758,14.385469,10.909898,10.256816,0.930176,0.5083,-0.0098,0.3858,0.4039,-0.154,23.0,43.0,29.5,4.5,0.4555,0.557,0.0215,70600,31.63
354,200,56.940031,0.2847,14.385469,10.909898,10.256816,0.930176,0.4413,-0.0119,0.5041,0.5084,-0.153,23.5,39.5,31.0,6.0,0.4269,0.5672,0.1286,70800,30.39
355,200,68.216173,0.341081,14.385469,10.909898,10.256816,0.930176,0.5397,-0.0088,0.5675,0.5846,-0.162,19.0,47.0,29.0,5.0,0.4924,0.5495,0.1109,71000,30.31
356,200,59.783298,0.298916,14.385469,10.909898,10.256816,0.930176,0.3988,-0.0144,0.6325,0.6263,-0.145,27.5,42.0,27.5,3.0,0.4339,0.5122,0.0929,71200,31.36
357,200,62.12018,0.310601,14.385469,10.909898,10.256816,0.930176,0.4223,-0.0137,0.6402,0.6378,-0.147,26.5,39.5,29.5,4.5,0.4211,0.5279,0.062,71400,31.06
358,200,59.506914,0.297535,14.385469,10.909898,10.256816,0.930176,0.4256,-0.0114,0.571,0.5919,-0.147,26.5,38.0,30.0,5.5,0.4073,0.5211,0.1262,71600,30.43
359,200,61.976657,0.309883,3.96439,10.686603,10.256816,0.933594,0.4804,-0.0113,0.5389,0.5499,-0.153,23.5,44.5,26.5,5.5,0.4677,0.5319,0.3284,71800,62.93
360,200,64.629668,0.323148,3.96439,10.686603,10.256816,0.933594,0.4957,-0.0094,0.5737,0.5686,-0.157,21.5,47.5,29.0,2.0,0.4871,0.5303,0.2259,72000,27.77
361,200,69.883195,0.349416,3.96439,10.686603,10.256816,0.933594,0.5423,-0.0078,0.6094,0.5936,-0.163,18.5,46.0,32.0,3.5,0.4738,0.5947,0.0717,72200,27.27
362,200,62.90635,0.314532,3.96439,10.686603,10.256816,0.933594,0.491,-0.0152,0.5589,0.5397,-0.159,20.5,49.0,22.5,8.0,0.5327,0.5398,0.0483,72400,27.47
363,200,61.335256,0.306676,3.96439,10.686603,10.256816,0.933594,0.4861,-0.0091,0.5199,0.5153,-0.15,25.0,41.5,30.0,3.5,0.4321,0.5155,0.079,72600,27.55
364,200,63.96022,0.319801,3.96439,10.686603,10.256816,0.933594,0.4844,-0.012,0.5785,0.5806,-0.158,21.0,44.0,30.0,5.0,0.4589,0.5698,0.0921,72800,27.58
365,200,65.84378,0.329219,3.96439,10.686603,10.256816,0.933594,0.4687,-0.0119,0.6379,0.6421,-0.152,24.0,47.5,26.0,2.5,0.484,0.5022,0.1226,73000,26.55
366,200,66.714491,0.333572,3.96439,10.686603,10.256816,0.933594,0.513,-0.008,0.5774,0.5904,-0.153,23.5,43.5,27.0,6.0,0.4658,0.51,0.1492,73200,27.47
367,200,64.02538,0.320127,3.96439,10.686603,10.256816,0.933594,0.5313,-0.0066,0.4933,0.5077,-0.155,22.5,39.0,33.0,5.5,0.409,0.5899,0.0899,73400,27.38
368,200,66.494889,0.332474,3.96439,10.686603,10.256816,0.933594,0.5832,-0.0057,0.4606,0.4762,-0.161,19.5,49.0,28.0,3.5,0.5092,0.5439,0.1243,73600,28.16
369,200,62.760209,0.313801,4.832509,11.176917,10.256816,0.930176,0.5423,-0.0073,0.4536,0.4627,-0.156,22.0,41.5,34.0,2.5,0.426,0.5867,0.1296,73800,58.67
370,200,59.718844,0.298594,4.832509,11.176917,10.256816,0.930176,0.4807,-0.01,0.4909,0.5049,-0.153,23.5,44.0,28.0,4.5,0.4665,0.5683,0.0634,74000,27.53
371,200,62.822458,0.314112,4.832509,11.176917,10.256816,0.930176,0.527,-0.0067,0.4743,0.4914,-0.153,23.5,43.0,29.0,4.5,0.4473,0.5425,0.1724,74200,26.94
372,200,64.902018,0.32451,4.832509,11.176917,10.256816,0.930176,0.4812,-0.0117,0.5969,0.6083,-0.154,23.0,49.0,24.5,3.5,0.5084,0.5157,0.018,74400,26.35
373,200,65.751087,0.328755,4.832509,11.176917,10.256816,0.930176,0.548,-0.0064,0.4982,0.5091,-0.145,27.5,43.0,27.5,2.0,0.4389,0.5349,0.0704,74600,27.26
374,200,69.797177,0.348986,4.832509,11.176917,10.256816,0.930176,0.5747,-0.0073,0.5365,0.5664,-0.162,19.0,49.0,26.0,6.0,0.522,0.5645,0.0807,74800,27.59
375,200,60.089347,0.300447,4.832509,11.176917,10.256816,0.930176,0.452,-0.0109,0.5439,0.5549,-0.147,26.5,37.0,31.0,5.5,0.3964,0.5399,0.2489,75000,26.83
376,200,66.127083,0.330635,4.832509,11.176917,10.256816,0.930176,0.4957,-0.0107,0.5933,0.6132,-0.153,23.5,43.0,31.0,2.5,0.4404,0.5679,-0.0116,75200,26.95
377,200,67.975574,0.339878,4.832509,11.176917,10.256816,0.930176,0.4767,-0.0144,0.6798,0.6694,-0.161,19.5,41.0,36.0,3.5,0.4276,0.6248,0.0925,75400,27.39
378,200,62.34766,0.311738,4.832509,11.176917,10.256816,0.930176,0.4959,-0.0102,0.5151,0.5355,-0.149,25.5,43.0,29.0,2.5,0.4409,0.5594,0.0627,75600,26.47
379,200,73.951399,0.369757,11.4663,11.70415,10.256816,0.938965,0.5977,-0.0063,0.5926,0.5977,-0.164,18.0,46.0,31.5,4.5,0.4882,0.587,0.0823,75800,55.79
380,200,65.264675,0.326323,11.4663,11.70415,10.256816,0.938965,0.524,-0.0047,0.519,0.5465,-0.146,27.0,39.0,31.0,3.0,0.4111,0.5559,0.0988,76000,29.09
381,200,63.818478,0.319092,11.4663,11.70415,10.256816,0.938965,0.4672,-0.0118,0.6021,0.5966,-0.148,26.0,44.5,25.0,4.5,0.4682,0.5232,0.0791,76200,30.53
382,200,65.457947,0.32729,11.4663,11.70415,10.256816,0.938965,0.5793,-0.006,0.4457,0.4691,-0.167,16.5,42.0,36.5,5.0,0.4488,0.6367,-0.0444,76400,29.66
383,200,63.612363,0.318062,11.4663,11.70415,10.256816,0.938965,0.5526,-0.0068,0.4504,0.4657,-0.154,23.0,39.0,34.0,4.0,0.4123,0.5984,0.0333,76600,30.73
384,200,67.395104,0.336976,11.4663,11.70415,10.256816,0.938965,0.4884,-0.0131,0.6416,0.6465,-0.16,20.0,43.5,31.5,5.0,0.4582,0.5505,0.0562,76800,30.52
385,200,61.28478,0.306424,11.4663,11.70415,10.256816,0.938965,0.5133,-0.0072,0.4668,0.4866,-0.158,21.0,44.0,31.0,4.0,0.4618,0.5799,0.0547,77000,29.99
386,200,66.700048,0.3335,11.4663,11.70415,10.256816,0.938965,0.4722,-0.0105,0.6445,0.6566,-0.151,24.5,46.5,26.5,2.5,0.4768,0.5137,0.301,77200,29.57
387,200,57.21006,0.28605,11.4663,11.70415,10.256816,0.938965,0.5107,-0.006,0.3865,0.4068,-0.154,23.0,36.5,36.5,4.0,0.3799,0.5664,0.158,77400,31.11
388,200,61.925243,0.309626,11.4663,11.70415,10.256816,0.938965,0.4853,-0.0094,0.5211,0.542,-0.145,27.5,42.5,26.0,4.0,0.4452,0.4878,0.1693,77600,31.07
389,200,62.314955,0.311575,11.4663,11.70415,10.256816,0.938965,0.5599,-0.0062,0.4173,0.4275,-0.162,19.0,38.0,38.0,5.0,0.4048,0.6277,0.1619,77800,29.73
390,200,57.669317,0.288347,3.700278,12.278559,10.256816,0.931641,0.469,-0.0092,0.461,0.4909,-0.152,24.0,43.5,29.0,3.5,0.4522,0.5689,-0.017,78000,65.28
391,200,66.450205,0.332251,3.700278,12.278559,10.256816,0.931641,0.5638,-0.0067,0.5016,0.4916,-0.16,20.0,50.0,26.0,4.0,0.5154,0.5421,0.1297,78200,31.18
392,200,63.923291,0.319616,3.700278,12.278559,10.256816,0.931641,0.5201,-0.0088,0.5189,0.5167,-0.157,21.5,44.5,30.5,3.5,0.4595,0.618,0.0548,78400,30.25
393,200,61.759196,0.308796,3.700278,12.278559,10.256816,0.931641,0.4608,-0.0101,0.5729,0.5597,-0.149,25.5,41.0,29.0,4.5,0.4327,0.5338,0.1499,78600,30.06
394,200,63.862917,0.319315,3.700278,12.278559,10.256816,0.931641,0.5247,-0.0093,0.4983,0.5253,-0.155,22.5,43.5,30.0,4.0,0.4535,0.5472,0.1323,78800,30.92
395,200,62.176147,0.310881,3.700278,12.278559,10.256816,0.931641,0.5082,-0.0054,0.4881,0.4977,-0.14,30.0,37.5,29.0,3.5,0.3935,0.5134,0.1795,79000,30.61
396,200,59.689157,0.298446,3.700278,12.278559,10.256816,0.931641,0.4785,-0.0113,0.4881,0.5185,-0.152,24.0,46.5,24.0,5.5,0.4941,0.5296,-0.0093,79200,29.58
397,200,66.924753,0.334624,3.700278,12.278559,10.256816,0.931641,0.5546,-0.0065,0.511,0.5346,-0.157,21.5,49.0,26.0,3.5,0.5072,0.5568,-0.0151,79400,31.87
398,200,60.228975,0.301145,3.700278,12.278559,10.256816,0.931641,0.4261,-0.0106,0.5786,0.6059,-0.14,30.0,40.0,25.5,4.5,0.4176,0.561,0.1065,79600,30.94
399,200,62.429564,0.312148,3.700278,12.278559,10.256816,0.931641,0.4789,-0.0086,0.5529,0.5509,-0.153,23.5,42.0,30.5,4.0,0.44,0.5168,-0.0167,79800,29.17
400,200,65.20705,0.326035,11.265691,9.042328,10.256816,0.929199,0.4269,-0.013,0.6947,0.6904,-0.147,26.5,44.0,24.0,5.5,0.464,0.5233,0.0994,80000,67.39
401,200,61.499618,0.307498,11.265691,9.042328,10.256816,0.929199,0.4963,-0.0044,0.4907,0.507,-0.142,29.0,35.0,31.0,5.0,0.3732,0.5364,0.1778,80200,31.1
402,200,62.499759,0.312499,11.265691,9.042328,10.256816,0.929199,0.4292,-0.0103,0.6386,0.6251,-0.149,25.5,37.5,31.0,6.0,0.4023,0.5442,0.1215,80400,29.37
403,200,58.267061,0.291335,11.265691,9.042328,10.256816,0.929199,0.4064,-0.0116,0.5763,0.5944,-0.142,29.0,42.0,26.5,2.5,0.433,0.4927,0.0326,80600,30.03
404,200,62.170005,0.31085,11.265691,9.042328,10.256816,0.929199,0.4961,-0.0106,0.5193,0.5317,-0.16,20.0,42.5,34.5,3.0,0.4442,0.6125,0.1081,80800,31.61
405,200,60.770545,0.303853,11.265691,9.042328,10.256816,0.929199,0.463,-0.0123,0.5495,0.5543,-0.161,19.5,46.0,32.0,2.5,0.4797,0.5394,0.0524,81000,30.81
406,200,69.014353,0.345072,11.265691,9.042328,10.256816,0.929199,0.5621,-0.0082,0.554,0.5519,-0.16,20.0,49.5,27.5,3.0,0.508,0.5757,0.0881,81200,30.37
407,200,62.062512,0.310313,11.265691,9.042328,10.256816,0.929199,0.4226,-0.01,0.6247,0.6507,-0.15,25.0,34.0,36.5,4.5,0.3637,0.5498,0.2117,81400,30.75
408,200,59.932175,0.299661,11.265691,9.042328,10.256816,0.929199,0.4305,-0.0112,0.5795,0.5751,-0.142,29.0,38.5,26.0,6.5,0.4191,0.5155,0.1253,81600,30.98
409,200,67.009371,0.335047,11.265691,9.042328,10.256816,0.929199,0.5925,-0.0058,0.4577,0.4685,-0.16,20.0,44.5,30.5,5.0,0.4629,0.5576,0.1769,81800,30.52
410,200,64.795714,0.323979,4.128314,9.073852,10.256816,0.932129,0.5277,-0.0083,0.5179,0.5199,-0.147,26.5,48.0,22.5,3.0,0.4947,0.4999,-0.0046,82000,63.36
411,200,61.137073,0.305685,4.128314,9.073852,10.256816,0.932129,0.4293,-0.0112,0.6018,0.611,-0.146,27.0,40.0,30.0,3.0,0.4173,0.5583,0.1145,82200,30.89
412,200,64.081172,0.320406,4.128314,9.073852,10.256816,0.932129,0.5161,-0.0094,0.5268,0.5269,-0.154,23.0,43.5,30.5,3.0,0.4452,0.5305,0.1392,82400,30.41
413,200,65.354708,0.326774,4.128314,9.073852,10.256816,0.932129,0.4546,-0.0124,0.6578,0.6517,-0.158,21.0,43.5,30.5,5.0,0.4563,0.5483,0.0892,82600,30.05
414,200,61.142044,0.30571,4.128314,9.073852,10.256816,0.932129,0.4241,-0.01,0.6119,0.6159,-0.148,26.0,40.0,31.0,3.0,0.421,0.5104,0.0359,82800,30.02
415,200,64.613584,0.323068,4.128314,9.073852,10.256816,0.932129,0.4617,-0.0097,0.6256,0.6177,-0.148,26.0,43.5,26.5,4.0,0.4517,0.5647,0.1682,83000,29.97
416,200,60.523838,0.302619,4.128314,9.073852,10.256816,0.932129,0.4377,-0.0116,0.5794,0.5852,-0.15,25.0,43.0,28.0,4.0,0.4524,0.5606,0.0269,83200,30.42
417,200,65.434962,0.327175,4.128314,9.073852,10.256816,0.932129,0.5207,-0.0106,0.5532,0.5477,-0.162,19.0,47.5,29.5,4.0,0.491,0.5392,0.1161,83400,30.15
418,200,63.827332,0.319137,4.128314,9.073852,10.256816,0.932129,0.504,-0.0063,0.5265,0.5483,-0.147,26.5,39.5,29.5,4.5,0.423,0.5471,0.1615,83600,31.17
419,200,62.083181,0.310416,4.128314,9.073852,10.256816,0.932129,0.4938,-0.007,0.5196,0.5169,-0.15,25.0,39.0,31.0,5.0,0.4152,0.5572,0.0848,83800,30.53
420,200,62.941784,0.314709,16.187459,9.923075,10.256816,0.932129,0.4704,-0.0099,0.5707,0.5832,-0.149,25.5,44.0,25.0,5.5,0.4659,0.5134,0.0273,84000,64.02
421,200,70.342136,0.351711,16.187459,9.923075,10.256816,0.932129,0.5897,-0.0066,0.5325,0.5337,-0.158,21.0,48.5,27.0,3.5,0.497,0.4816,0.1134,84200,30.73
422,200,66.999675,0.334998,16.187459,9.923075,10.256816,0.932129,0.5227,-0.0068,0.5637,0.5787,-0.148,26.0,43.0,27.5,3.5,0.4488,0.5348,-0.0028,84400,30.57
423,200,60.971283,0.304856,16.187459,9.923075,10.256816,0.932129,0.4725,-0.0085,0.5263,0.5344,-0.144,28.0,45.5,25.0,1.5,0.4653,0.4715,0.1882,84600,29.49
424,200,65.052324,0.325262,16.187459,9.923075,10.256816,0.932129,0.5411,-0.0071,0.5053,0.5049,-0.157,21.5,43.0,30.5,5.0,0.4554,0.5361,0.1689,84800,31.66
425,200,70.3316,0.351658,16.187459,9.923075,10.256816,0.932129,0.5333,-0.0116,0.6186,0.6456,-0.161,19.5,52.0,24.5,4.0,0.5344,0.5496,0.1072,85000,31.11
426,200,62.935199,0.314676,16.187459,9.923075,10.256816,0.932129,0.4752,-0.0092,0.5658,0.569,-0.149,25.5,41.0,28.5,5.0,0.4377,0.5113,0.1929,85200,31.35
427,200,63.096474,0.315482,16.187459,9.923075,10.256816,0.932129,0.4968,-0.0103,0.5329,0.5492,-0.155,22.5,39.5,33.0,5.0,0.4248,0.5715,-0.0327,85400,30.5
428,200,60.262048,0.30131,16.187459,9.923075,10.256816,0.932129,0.4765,-0.0109,0.522,0.5055,-0.154,23.0,43.0,30.5,3.5,0.4427,0.56,0.0696,85600,30.37
429,200,61.846759,0.309234,16.187459,9.923075,10.256816,0.932129,0.5013,-0.0088,0.4988,0.5139,-0.153,23.5,43.5,29.5,3.5,0.4501,0.5594,0.0298,85800,29.92
430,200,58.451651,0.292258,16.187459,9.923075,10.256816,0.932129,0.4759,-0.0097,0.4724,0.4785,-0.144,28.0,43.0,25.0,4.0,0.4437,0.4979,0.1349,86000,28.96
431,200,63.942547,0.319713,6.516505,11.1379,10.256816,0.933105,0.526,-0.0071,0.5033,0.5016,-0.146,27.0,45.0,24.5,3.5,0.4639,0.5015,0.0917,86200,62.86
432,200,61.443584,0.307218,6.516505,11.1379,10.256816,0.933105,0.5338,-0.0088,0.4416,0.4538,-0.157,21.5,45.0,29.5,4.0,0.467,0.5744,0.1715,86400,29.52
433,200,60.223702,0.301119,6.516505,11.1379,10.256816,0.933105,0.4732,-0.0108,0.5187,0.5153,-0.148,26.0,43.0,27.5,3.5,0.4501,0.5383,0.2118,86600,29.84
434,200,69.994088,0.34997,6.516505,11.1379,10.256816,0.933105,0.5268,-0.0073,0.6292,0.63,-0.163,18.5,40.5,37.5,3.5,0.4224,0.5864,0.1346,86800,29.29
435,200,64.386687,0.321933,6.516505,11.1379,10.256816,0.933105,0.5436,-0.0076,0.4862,0.4976,-0.163,18.5,41.0,34.5,6.0,0.4425,0.6175,0.1488,87000,31.38
436,200,65.041913,0.32521,6.516505,11.1379,10.256816,0.933105,0.5409,-0.0037,0.4976,0.4992,-0.148,26.0,39.0,30.5,4.5,0.4188,0.5639,0.0582,87200,30.56
437,200,61.727359,0.308637,6.516505,11.1379,10.256816,0.933105,0.4983,-0.0106,0.5071,0.506,-0.147,26.5,39.5,27.5,6.5,0.4248,0.5618,0.1429,87400,29.89
438,200,69.22692,0.346135,6.516505,11.1379,10.256816,0.933105,0.5206,-0.0048,0.6063,0.6233,-0.142,29.0,37.5,28.0,5.5,0.4029,0.4944,0.0589,87600,30.71
439,200,65.046719,0.325234,6.516505,11.1379,10.256816,0.933105,0.5545,-0.0059,0.4764,0.4806,-0.146,27.0,44.5,26.5,2.0,0.4597,0.4904,0.1251,87800,30.29
440,200,66.08433,0.330422,6.516505,11.1379,10.256816,0.933105,0.5149,-0.0103,0.5638,0.5817,-0.157,21.5,44.5,30.5,3.5,0.4633,0.5257,0.141,88000,30.3
441,200,59.177066,0.295885,3.327155,10.679095,10.256816,0.938477,0.4421,-0.0122,0.5462,0.5515,-0.15,25.0,42.0,31.0,2.0,0.4296,0.5509,0.1121,88200,66.59
442,200,64.783085,0.323915,3.327155,10.679095,10.256816,0.938477,0.4455,-0.0115,0.6597,0.6494,-0.153,23.5,36.0,33.5,7.0,0.3973,0.5833,0.1163,88400,30.74
443,200,64.856555,0.324283,3.327155,10.679095,10.256816,0.938477,0.4831,-0.0111,0.5944,0.5976,-0.151,24.5,40.5,32.0,3.0,0.4205,0.5817,-0.0497,88600,30.58
444,200,64.586899,0.322934,3.327155,10.679095,10.256816,0.938477,0.5051,-0.0066,0.5422,0.5679,-0.156,22.0,38.0,34.5,5.5,0.4147,0.5655,0.0856,88800,29.28
445,200,59.842344,0.299212,3.327155,10.679095,10.256816,0.938477,0.4216,-0.0109,0.5971,0.5894,-0.152,24.0,40.5,32.5,3.0,0.4231,0.5457,0.1695,89000,30.9
446,200,64.685449,0.323427,3.327155,10.679095,10.256816,0.938477,0.5461,-0.0069,0.4884,0.4967,-0.162,19.0,40.0,36.0,5.0,0.4257,0.6189,0.1589,89200,30.06
447,200,69.544658,0.347723,3.327155,10.679095,10.256816,0.938477,0.5859,-0.005,0.5174,0.5301,-0.16,20.0,50.5,26.0,3.5,0.522,0.576,0.0468,89400,30.31
448,200,57.730897,0.288654,3.327155,10.679095,10.256816,0.938477,0.3661,-0.0149,0.6439,0.6405,-0.147,26.5,37.0,31.0,5.5,0.3991,0.5608,0.2128,89600,30.84
449,200,60.191296,0.300956,3.327155,10.679095,10.256816,0.938477,0.4744,-0.0092,0.5096,0.5217,-0.151,24.5,41.5,27.0,7.0,0.4425,0.5266,0.0777,89800,30.13
450,200,62.902759,0.314514,3.327155,10.679095,10.256816,0.938477,0.5189,-0.0057,0.49,0.4996,-0.151,24.5,40.0,32.5,3.0,0.414,0.5459,0.0335,90000,30.8
451,200,65.826547,0.329133,3.66657,9.883134,10.256816,0.918457,0.5302,-0.0067,0.5349,0.5377,-0.153,23.5,43.0,27.5,6.0,0.4625,0.5145,0.1129,90200,63.06
452,200,63.338026,0.31669,3.66657,9.883134,10.256816,0.918457,0.4778,-0.0061,0.5616,0.5703,-0.142,29.0,38.0,28.5,4.5,0.4071,0.5155,0.0045,90400,31.55
453,200,65.766082,0.32883,3.66657,9.883134,10.256816,0.918457,0.5488,-0.0067,0.4915,0.5295,-0.157,21.5,43.0,33.0,2.5,0.443,0.5917,0.0029,90600,30.29
454,200,65.87384,0.329369,3.66657,9.883134,10.256816,0.918457,0.5002,-0.0106,0.5856,0.6031,-0.162,19.0,45.5,30.0,5.5,0.4763,0.6054,0.0395,90800,26.82
455,200,68.710584,0.343553,3.66657,9.883134,10.256816,0.918457,0.5296,-0.0064,0.5886,0.6023,-0.152,24.0,41.5,27.5,7.0,0.4473,0.5427,0.136,91000,28.71
456,200,55.128037,0.27564,3.66657,9.883134,10.256816,0.918457,0.397,-0.0098,0.5227,0.5519,-0.143,28.5,33.0,35.0,3.5,0.3476,0.5408,0.0187,91200,26.88
457,200,68.329328,0.341647,3.66657,9.883134,10.256816,0.918457,0.5613,-0.0064,0.5408,0.5359,-0.16,20.0,45.5,27.5,7.0,0.4926,0.5735,0.1586,91400,27.21
458,200,58.369935,0.29185,3.66657,9.883134,10.256816,0.918457,0.4979,-0.0097,0.442,0.4411,-0.153,23.5,45.5,27.0,4.0,0.4771,0.5679,0.141,91600,27.6
459,200,66.525801,0.332629,3.66657,9.883134,10.256816,0.918457,0.4805,-0.0102,0.6265,0.6419,-0.152,24.0,42.5,29.5,4.0,0.4474,0.5209,0.0569,91800,28.23
460,200,63.360658,0.316803,3.66657,9.883134,10.256816,0.918457,0.4107,-0.0161,0.6876,0.6963,-0.162,19.0,46.0,31.0,4.0,0.4817,0.5724,0.0929,92000,27.03
461,200,59.235554,0.296178,9.670533,12.334349,10.256816,0.936035,0.4662,-0.0107,0.5033,0.5127,-0.144,28.0,40.0,26.5,5.5,0.4197,0.5551,0.0522,92200,59.15
462,200,60.860253,0.304301,9.670533,12.334349,10.256816,0.936035,0.4892,-0.0079,0.4944,0.5154,-0.151,24.5,40.0,31.0,4.5,0.4204,0.5288,0.2161,92400,27.58
463,200,68.741053,0.343705,9.670533,12.334349,10.256816,0.936035,0.5275,-0.0086,0.6005,0.6057,-0.158,21.0,42.0,33.5,3.5,0.4343,0.5768,0.1158,92600,27.27
464,200,66.800294,0.334001,9.670533,12.334349,10.256816,0.936035,0.536,-0.0076,0.5413,0.5549,-0.152,24.0,43.5,27.0,5.5,0.4656,0.5322,0.1115,92800,26.96
465,200,55.535499,0.277677,9.670533,12.334349,10.256816,0.936035,0.4425,-0.0088,0.4615,0.4753,-0.139,30.5,35.0,31.0,3.5,0.3739,0.547,0.1584,93000,27.63
466,200,60.480093,0.3024,9.670533,12.334349,10.256816,0.936035,0.5452,-0.0057,0.4039,0.4035,-0.152,24.0,45.5,26.0,4.5,0.4794,0.5463,0.1544,93200,27.16
467,200,67.41233,0.337062,9.670533,12.334349,10.256816,0.936035,0.5165,-0.0076,0.5919,0.5827,-0.147,26.5,44.0,25.0,4.5,0.4651,0.5449,0.1014,93400,27.53
468,200,65.211793,0.326059,9.670533,12.334349,10.256816,0.936035,0.5402,-0.0068,0.5075,0.5067,-0.151,24.5,41.5,27.5,6.5,0.4491,0.5457,0.1266,93600,27.07
469,200,64.098254,0.320491,9.670533,12.334349,10.256816,0.936035,0.5173,-0.0101,0.5173,0.5377,-0.153,23.5,39.0,32.5,5.0,0.4182,0.599,-0.0015,93800,28.04
470,200,58.821542,0.294108,9.670533,12.334349,10.256816,0.936035,0.491,-0.0096,0.4601,0.4638,-0.153,23.5,45.0,28.0,3.5,0.4657,0.5767,0.1416,94000,27.35
471,200,68.33344,0.341667,9.670533,12.334349,10.256816,0.936035,0.4853,-0.0097,0.6531,0.6718,-0.152,24.0,41.5,30.0,4.5,0.4317,0.523,0.2304,94200,26.56
472,200,57.276869,0.286384,5.814181,9.633302,10.256816,0.937012,0.4786,-0.0106,0.4426,0.4618,-0.15,25.0,46.0,26.0,3.0,0.4722,0.5059,0.0707,94400,63.45
473,200,66.884419,0.334422,5.814181,9.633302,10.256816,0.937012,0.5254,-0.0051,0.5563,0.57,-0.149,25.5,39.0,31.5,4.0,0.4082,0.559,0.0891,94600,29.61
474,200,62.613197,0.313066,5.814181,9.633302,10.256816,0.937012,0.4971,-0.0142,0.529,0.5445,-0.16,20.0,46.0,31.0,3.0,0.4761,0.5921,0.2047,94800,27.07
475,200,70.372685,0.351863,5.814181,9.633302,10.256816,0.937012,0.5868,-0.0032,0.5339,0.5364,-0.158,21.0,48.0,26.0,5.0,0.5067,0.5346,0.183,95000,27.05
476,200,64.179279,0.320896,5.814181,9.633302,10.256816,0.937012,0.5588,-0.0059,0.4517,0.4677,-0.157,21.5,49.0,25.5,4.0,0.5057,0.5378,0.1682,95200,28.44
477,200,63.856508,0.319283,5.814181,9.633302,10.256816,0.937012,0.5331,-0.0078,0.4987,0.4906,-0.159,20.5,42.5,32.5,4.5,0.4474,0.5676,0.0996,95400,27.82
478,200,56.663125,0.283316,5.814181,9.633302,10.256816,0.937012,0.4335,-0.0137,0.5104,0.5167,-0.149,25.5,39.5,28.0,7.0,0.4353,0.5721,0.0957,95600,28.5
479,200,64.493822,0.322469,5.814181,9.633302,10.256816,0.937012,0.552,-0.0059,0.4684,0.4817,-0.153,23.5,45.0,26.0,5.5,0.4767,0.5153,0.1519,95800,28.35
480,200,57.523131,0.287616,5.814181,9.633302,10.256816,0.937012,0.5502,-0.004,0.3222,0.352,-0.15,25.0,41.5,28.5,5.0,0.441,0.5457,0.0718,96000,27.33
481,200,59.745574,0.298728,5.814181,9.633302,10.256816,0.937012,0.4774,-0.0075,0.497,0.5068,-0.156,22.0,37.5,37.0,3.5,0.3938,0.5745,0.0197,96200,26.6
482,200,68.226149,0.341131,5.859881,11.903729,10.256816,0.930664,0.4832,-0.0103,0.6621,0.664,-0.153,23.5,45.0,29.0,2.5,0.4668,0.5349,0.0731,96400,56.16
483,200,64.059237,0.320296,5.859881,11.903729,10.256816,0.930664,0.452,-0.0071,0.6247,0.6197,-0.144,28.0,30.5,34.5,7.0,0.3459,0.5009,0.1243,96600,27.73
484,200,70.813897,0.354069,5.859881,11.903729,10.256816,0.930664,0.5728,-0.0054,0.5616,0.5796,-0.159,20.5,48.0,29.0,2.5,0.4895,0.5502,-0.0974,96800,27.16
485,200,61.901215,0.309506,5.859881,11.903729,10.256816,0.930664,0.5191,-0.0039,0.4589,0.4881,-0.148,26.0,35.0,35.5,3.5,0.3676,0.5655,0.1111,97000,29.1
486,200,61.382776,0.306914,5.859881,11.903729,10.256816,0.930664,0.4453,-0.0132,0.5927,0.583,-0.151,24.5,46.0,25.5,4.0,0.4775,0.5563,0.0388,97200,30.45
487,200,57.636984,0.288185,5.859881,11.903729,10.256816,0.930664,0.4708,-0.0106,0.4644,0.4816,-0.153,23.5,45.0,27.0,4.5,0.4744,0.5246,0.143,97400,30.66
488,200,62.516096,0.31258,5.859881,11.903729,10.256816,0.930664,0.4759,-0.0094,0.5529,0.5654,-0.149,25.5,37.5,32.0,5.0,0.3996,0.5491,0.086,97600,29.38
489,200,65.695838,0.328479,5.859881,11.903729,10.256816,0.930664,0.4871,-0.0092,0.6049,0.6053,-0.153,23.5,41.5,30.0,5.0,0.438,0.5621,0.1769,97800,30.68
490,200,62.472393,0.312362,5.859881,11.903729,10.256816,0.930664,0.4748,-0.0112,0.5571,0.5746,-0.158,21.0,45.5,28.0,5.5,0.4805,0.5893,0.093,98000,29.89
491,200,68.409653,0.342048,5.859881,11.903729,10.256816,0.930664,0.5334,-0.0094,0.5791,0.5988,-0.157,21.5,47.5,28.0,3.0,0.4845,0.5574,0.1529,98200,30.43
492,200,58.88935,0.294447,3.728242,11.296027,10.256816,0.932617,0.4875,-0.0082,0.4623,0.4727,-0.151,24.5,42.5,28.5,4.5,0.4395,0.5464,0.0254,98400,64.52
493,200,62.728093,0.31364,3.728242,11.296027,10.256816,0.932617,0.5112,-0.0074,0.492,0.5161,-0.144,28.0,40.5,26.5,5.0,0.4364,0.4793,0.0533,98600,30.45
494,200,58.565251,0.292826,3.728242,11.296027,10.256816,0.932617,0.447,-0.0116,0.5257,0.5287,-0.148,26.0,42.0,29.5,2.5,0.4249,0.5831,0.1903,98800,29.92
495,200,65.831314,0.329157,3.728242,11.296027,10.256816,0.932617,0.4544,-0.0115,0.6526,0.6719,-0.148,26.0,39.5,28.0,6.5,0.4264,0.5427,0.0337,99000,30.21
496,200,62.935332,0.314677,3.728242,11.296027,10.256816,0.932617,0.4605,-0.0099,0.5887,0.5914,-0.145,27.5,41.0,26.0,5.5,0.4368,0.509,0.1411,99200,29.46
497,200,61.576375,0.307882,3.728242,11.296027,10.256816,0.932617,0.4819,-0.0148,0.5341,0.5512,-0.164,18.0,48.0,27.5,6.5,0.506,0.5649,0.1755,99400,27.56
498,200,61.702253,0.308511,3.728242,11.296027,10.256816,0.932617,0.4492,-0.0106,0.584,0.5907,-0.152,24.0,40.5,31.0,4.5,0.4331,0.5608,0.0904,99600,26.66
499,200,64.085949,0.32043,3.728242,11.296027,10.256816,0.932617,0.4801,-0.012,0.5852,0.5951,-0.159,20.5,45.5,28.5,5.5,0.48,0.5531,0.08,99800,26.95
